CREATE DATABASE  IF NOT EXISTS `centralservicos` /*!40100 DEFAULT CHARACTER SET utf8mb4 */;
USE `centralservicos`;
-- MySQL dump 10.13  Distrib 8.0.34, for Win64 (x86_64)
--
-- Host: 10.1.1.31    Database: centralservicos
-- ------------------------------------------------------
-- Server version	5.5.5-10.3.36-MariaDB-0+deb10u2

/*!40101 SET @OLD_CHARACTER_SET_CLIENT=@@CHARACTER_SET_CLIENT */;
/*!40101 SET @OLD_CHARACTER_SET_RESULTS=@@CHARACTER_SET_RESULTS */;
/*!40101 SET @OLD_COLLATION_CONNECTION=@@COLLATION_CONNECTION */;
/*!50503 SET NAMES utf8 */;
/*!40103 SET @OLD_TIME_ZONE=@@TIME_ZONE */;
/*!40103 SET TIME_ZONE='+00:00' */;
/*!40014 SET @OLD_UNIQUE_CHECKS=@@UNIQUE_CHECKS, UNIQUE_CHECKS=0 */;
/*!40014 SET @OLD_FOREIGN_KEY_CHECKS=@@FOREIGN_KEY_CHECKS, FOREIGN_KEY_CHECKS=0 */;
/*!40101 SET @OLD_SQL_MODE=@@SQL_MODE, SQL_MODE='NO_AUTO_VALUE_ON_ZERO' */;
/*!40111 SET @OLD_SQL_NOTES=@@SQL_NOTES, SQL_NOTES=0 */;

--
-- Temporary view structure for view `admins`
--

DROP TABLE IF EXISTS `admins`;
/*!50001 DROP VIEW IF EXISTS `admins`*/;
SET @saved_cs_client     = @@character_set_client;
/*!50503 SET character_set_client = utf8mb4 */;
/*!50001 CREATE VIEW `admins` AS SELECT 
 1 AS `id`,
 1 AS `nome`,
 1 AS `sobrenome`,
 1 AS `cpf`,
 1 AS `email`,
 1 AS `senha`,
 1 AS `status`,
 1 AS `matricula`,
 1 AS `data_criacao`,
 1 AS `novo`,
 1 AS `descricao`*/;
SET character_set_client = @saved_cs_client;

--
-- Table structure for table `migrations`
--

DROP TABLE IF EXISTS `migrations`;
/*!40101 SET @saved_cs_client     = @@character_set_client */;
/*!50503 SET character_set_client = utf8mb4 */;
CREATE TABLE `migrations` (
  `id` int(10) unsigned NOT NULL AUTO_INCREMENT,
  `migration` varchar(255) COLLATE utf8mb4_unicode_ci NOT NULL,
  `batch` int(11) NOT NULL,
  PRIMARY KEY (`id`)
) ENGINE=InnoDB AUTO_INCREMENT=2 DEFAULT CHARSET=utf8mb4 COLLATE=utf8mb4_unicode_ci;
/*!40101 SET character_set_client = @saved_cs_client */;

--
-- Dumping data for table `migrations`
--

LOCK TABLES `migrations` WRITE;
/*!40000 ALTER TABLE `migrations` DISABLE KEYS */;
INSERT INTO `migrations` VALUES (1,'2019_12_14_000001_create_personal_access_tokens_table',1);
/*!40000 ALTER TABLE `migrations` ENABLE KEYS */;
UNLOCK TABLES;

--
-- Table structure for table `paciente`
--

DROP TABLE IF EXISTS `paciente`;
/*!40101 SET @saved_cs_client     = @@character_set_client */;
/*!50503 SET character_set_client = utf8mb4 */;
CREATE TABLE `paciente` (
  `registro` int(11) NOT NULL,
  `nome` varchar(200) NOT NULL,
  `cpf` varchar(15) NOT NULL,
  `sexo` char(1) NOT NULL,
  `dthr_nascimento` timestamp NOT NULL DEFAULT current_timestamp() ON UPDATE current_timestamp(),
  `dthr_atualizacao` timestamp NOT NULL DEFAULT current_timestamp() ON UPDATE current_timestamp(),
  PRIMARY KEY (`registro`)
) ENGINE=InnoDB DEFAULT CHARSET=utf8mb4;
/*!40101 SET character_set_client = @saved_cs_client */;

--
-- Dumping data for table `paciente`
--

LOCK TABLES `paciente` WRITE;
/*!40000 ALTER TABLE `paciente` DISABLE KEYS */;
INSERT INTO `paciente` VALUES (1234,'Teste','1111','M','2002-11-04 18:09:00','2021-11-22 18:08:53');
/*!40000 ALTER TABLE `paciente` ENABLE KEYS */;
UNLOCK TABLES;

--
-- Table structure for table `perfil`
--

DROP TABLE IF EXISTS `perfil`;
/*!40101 SET @saved_cs_client     = @@character_set_client */;
/*!50503 SET character_set_client = utf8mb4 */;
CREATE TABLE `perfil` (
  `id` int(11) NOT NULL AUTO_INCREMENT,
  `nome` varchar(40) NOT NULL,
  `codigo` varchar(45) NOT NULL,
  `descricao` varchar(500) NOT NULL,
  `status` varchar(1) NOT NULL DEFAULT 'A',
  PRIMARY KEY (`id`),
  UNIQUE KEY `codigo` (`codigo`)
) ENGINE=InnoDB AUTO_INCREMENT=16 DEFAULT CHARSET=utf8mb4;
/*!40101 SET character_set_client = @saved_cs_client */;

--
-- Dumping data for table `perfil`
--

LOCK TABLES `perfil` WRITE;
/*!40000 ALTER TABLE `perfil` DISABLE KEYS */;
INSERT INTO `perfil` VALUES (1,'Admin','admin','Possui acesso a todo o sistema.','A'),(2,'iNutri - Solicitante Próprio','inutri-padrao','Possui acesso ao sistema da nutrição.','A'),(3,'SisNot - Administrador','sisnot-admin','Possui acesso ao sistema de notificações.','A'),(8,'Gestão de Leitos - Hotelaria','gleitos-hotelaria','Perfil Hotelaria','A'),(9,'Ouvidoria','ouvidoria','Ouvidoria','A'),(10,'iNutri - Administrador','inutri-admin','Nutrição Administrador','A'),(11,'Gestão de Leitos - NIR ','gleitos-nir','Perfil Gestão de Leitos.','A'),(12,'Gestão de Leitos - Solicitante ','gleitos-solicitante','Perfil Solicitante Gestão de Leitos.','A'),(13,'SOS Maqueiro - Maqueiro','sosmaqueiro-maqueiro','Perfil com permissão para atender, atribuir a alguém, cancelar, transferir, pausar e finalizar uma solicitação.','A'),(14,'CensoFugulin','CensoFugulin','Censo Fugulin - Painel','A'),(15,'CountSis - Usuário','countsis-usuario','Perfil no qual permite acesso ao sistema CountSis.','A');
/*!40000 ALTER TABLE `perfil` ENABLE KEYS */;
UNLOCK TABLES;

--
-- Table structure for table `perfil_permissao`
--

DROP TABLE IF EXISTS `perfil_permissao`;
/*!40101 SET @saved_cs_client     = @@character_set_client */;
/*!50503 SET character_set_client = utf8mb4 */;
CREATE TABLE `perfil_permissao` (
  `id` int(11) NOT NULL AUTO_INCREMENT,
  `id_perfil` int(11) NOT NULL,
  `id_permissao` int(11) NOT NULL,
  PRIMARY KEY (`id`),
  KEY `id_permissao` (`id_permissao`),
  KEY `perfil_permissao_ibfk_1` (`id_perfil`),
  CONSTRAINT `perfil_permissao_ibfk_1` FOREIGN KEY (`id_perfil`) REFERENCES `perfil` (`id`),
  CONSTRAINT `perfil_permissao_ibfk_2` FOREIGN KEY (`id_permissao`) REFERENCES `permissao` (`id`)
) ENGINE=InnoDB AUTO_INCREMENT=292 DEFAULT CHARSET=utf8mb4;
/*!40101 SET character_set_client = @saved_cs_client */;

--
-- Dumping data for table `perfil_permissao`
--

LOCK TABLES `perfil_permissao` WRITE;
/*!40000 ALTER TABLE `perfil_permissao` DISABLE KEYS */;
INSERT INTO `perfil_permissao` VALUES (1,3,1),(2,3,3),(3,3,4),(80,9,34),(81,9,35),(82,10,2),(83,10,6),(84,10,7),(85,10,8),(86,10,9),(87,10,10),(88,10,11),(89,10,12),(90,10,13),(91,10,14),(92,10,15),(93,10,16),(94,10,17),(95,10,18),(96,10,19),(98,10,21),(99,10,22),(100,10,23),(124,11,24),(125,11,30),(126,11,31),(127,11,29),(128,11,33),(129,11,28),(139,12,24),(140,12,27),(141,12,26),(142,12,25),(154,8,24),(155,8,43),(156,8,38),(157,8,33),(158,8,28),(159,8,37),(160,8,30),(161,8,31),(162,8,29),(168,1,5),(254,13,46),(255,13,48),(286,2,2),(287,2,17),(288,2,13),(289,14,72),(290,14,73),(291,15,75);
/*!40000 ALTER TABLE `perfil_permissao` ENABLE KEYS */;
UNLOCK TABLES;

--
-- Table structure for table `permissao`
--

DROP TABLE IF EXISTS `permissao`;
/*!40101 SET @saved_cs_client     = @@character_set_client */;
/*!50503 SET character_set_client = utf8mb4 */;
CREATE TABLE `permissao` (
  `id` int(11) NOT NULL AUTO_INCREMENT,
  `id_sistema` int(11) NOT NULL,
  `permissao_pai` int(11) DEFAULT NULL,
  `codigo` varchar(45) NOT NULL,
  `descricao` varchar(500) NOT NULL,
  PRIMARY KEY (`id`),
  KEY `id_sistema` (`id_sistema`),
  CONSTRAINT `id_sistema` FOREIGN KEY (`id_sistema`) REFERENCES `sistema` (`id`)
) ENGINE=InnoDB AUTO_INCREMENT=76 DEFAULT CHARSET=utf8mb4;
/*!40101 SET character_set_client = @saved_cs_client */;

--
-- Dumping data for table `permissao`
--

LOCK TABLES `permissao` WRITE;
/*!40000 ALTER TABLE `permissao` DISABLE KEYS */;
INSERT INTO `permissao` VALUES (1,3,NULL,'sisnot','Permite acesso ao SisNot.'),(2,2,NULL,'inutri','Permite acesso ao inutri.'),(3,3,1,'sisnot-dashboard','Permite acesso a página de dashboard do SisNot.'),(4,3,1,'sisnot-notificacoes','Permite acesso a página de notificações do  SisNot.'),(5,1,NULL,'admin','Possui acesso a todos os sistemas.'),(6,2,23,'inutri-acessar-calendario-cardapio','Permite acesso a página de elaboração de cardápios.'),(7,2,23,'inutri-editar-calendario-cardapio','Permite a edição da página de elaboração de cardápio.'),(8,2,23,'inutri-acessar-cardapio','Permite acesso a página de criação de cardápios'),(9,2,23,'inutri-editar-cardapio','Permite a edição da página de criação de cardápio.'),(10,2,23,'inutri-acessar-dashboard','Permite acesso ao dashboard.'),(11,2,23,'inutri-acessar-alimentos','Permite acesso a página de alimentos.'),(12,2,23,'inutri-editar-alimentos','Permite a edição da página de alimentos.'),(13,2,2,'inutri-acessar-pedidos','Permite acesso a página de pedidos.'),(14,2,23,'inutri-editar-pedidos','Permite a edição da página de pedidos.'),(15,2,23,'inutri-acessar-perfil','Permite acesso a página de perfis.'),(16,2,23,'inutri-editar-perfil','Permite a edição da página de perfis.'),(17,2,2,'inutri-solicitar-refeicao-proprio','Permite a solicitação de refeição própria.'),(18,2,2,'inutri-solicitar-refeicao-paciente','Permite a solicitação de refeição para pacientes.'),(19,2,2,'inutri-solicitar-refeicao-terceiros','Permite a solicitação de refeição para terceiros.'),(21,2,23,'inutri-acessar-usuario','Permite acesso a página de usuários'),(22,2,23,'inutri-editar-usuario','Permite a edição na página de usuários'),(23,2,2,'inutri-admin','Permite acesso a página de administração do iNutri.'),(24,4,NULL,'gleitos','Permite acesso ao gestão de leitos.'),(25,4,24,'gleitos-solicitar','Permite criar solicitações no gestão de leitos.'),(26,4,24,'gleitos-editar-solicitacao','Permite editar solicitações no gestão de leitos.'),(27,4,24,'gleitos-cancelar-solicitacao','Permite cancelar solicitações no gestão de leitos.'),(28,4,24,'gleitos-preparar-solicitacao','Permite preparar(bloquear) solicitações no gestão de leitos.'),(29,4,24,'gleitos-liberar-solicitacao','Permite liberar(reservar) solicitações do gestão de leitos.'),(30,4,24,'gleitos-alterar-leito-liberado','Permite alterar o leito liberado (reservado) no gestão de leitos.'),(31,4,24,'gleitos-encerrar-reserva','Permite encerrar a reserva no gestão de leitos.'),(32,4,24,'gleitos-transferir-paciente','Permite transferir o paciente de leito no gestão de leitos.'),(33,4,24,'gleitos-painel-leitos','Permite visualizar painel de leitos no gestão de leitos.'),(34,5,NULL,'avasis','Permite acesso ao Avasis.'),(35,5,34,'avasis-dashboard','Permite acesso ao dashboard do Avasis.'),(37,4,24,'gleitos-realizar-checklist','Permite realizar checklist de itens nos leitos no sistema gestão de leitos'),(38,4,24,'gleitos-liberar-leito-nir','Permite liberar um leito livre ao Nucleo Interno de Regulação (NIR) no sistema gestão de leitos'),(39,6,NULL,'monexm','Permite acessar o sistema de monitoramento dos exames.'),(40,7,NULL,'monps','Permite acessar o sistema de monitoramento do pronto socorro.'),(41,8,NULL,'azophicc','Permite acessar o sistema de monitoramento do centro cirúrgico.'),(42,1,5,'super-admin','Permite acesso a todos os sistemas e gerenciar todos os usuários, inclusive os administradores do sistema.'),(43,4,NULL,'gleitos-encerrar-solicitacao','Permite encerrar solicitações no sistema gestão de leitos'),(44,2,23,'inutri-acessar-pedidos-admin','Permite acesso a página de gerenciamento dos pedidos.'),(45,4,NULL,'gleitos-indicadores','Permite acessar a pagina de indicadores no gestão de leitos'),(46,9,NULL,'sosmaqueiro','Permite acesso ao sistema de maqueiros.'),(47,9,46,'sosmaqueiro-solicitar','Permite criar chamados.'),(48,9,46,'sosmaqueiro-atender','Permite iniciar o atendimento de chamados.'),(49,10,NULL,'azophi','Permite acessar o Azophi.'),(50,11,NULL,'pafilas','Permite acessar o PA Filas.'),(51,12,NULL,'checkos','Permite acessar o checkos.'),(52,13,NULL,'check-exame','Permite o acesso ao sistema Check Exame.'),(53,9,46,'sosmaqueiro-gerenciar','Permite gerenciar setors/locais, recursos, transportes e maqueiros.'),(54,9,46,'sosmaqueiro-cancelar','Permite cancelar chamados.'),(55,9,46,'sosmaqueiro-pausar','Permite pausar chamados.'),(56,9,46,'sosmaqueiro-continuar','Permite continuar (despausar) chamados.'),(57,9,46,'sosmaqueiro-mudarmaqueiro','Permite trocar maqueiros durante o atendimento dos chamados'),(58,9,46,'sosmaqueiro-finalizar','Permite finalizar chamados.'),(59,9,46,'sosmaqueiro-atribuir','Permite atribuir maqueiros aos chamados.'),(65,5,NULL,'avasis-questionario','Permite responder questionários.'),(66,5,NULL,'avasis-gerenciamento','Permite gerenciar (criar/editar) questionários.'),(67,5,NULL,'avasis-relatorio','Permite gerar relatórios dos questionários.'),(68,14,NULL,'pacom','Permite acesso ao pacom.'),(69,14,68,'pacom-gerenciar-acesso','Permite gerenciar acessos.'),(70,18,NULL,'aramais','Permite acesso ao ARamais.'),(71,18,70,'aramais-gerenciar-agenda','Permite gerenciar a agenda de ramais.'),(72,19,NULL,'censofugulin','Acesso ao sistema Censo Fugulin'),(73,19,NULL,'censofugulin-escala','Manuseio da escala'),(74,16,NULL,'countsis-novoinventario','Permissão de criar e administrar inventários'),(75,16,NULL,'countsis','Permite o acesso ao sistema');
/*!40000 ALTER TABLE `permissao` ENABLE KEYS */;
UNLOCK TABLES;

--
-- Table structure for table `personal_access_tokens`
--

DROP TABLE IF EXISTS `personal_access_tokens`;
/*!40101 SET @saved_cs_client     = @@character_set_client */;
/*!50503 SET character_set_client = utf8mb4 */;
CREATE TABLE `personal_access_tokens` (
  `id` bigint(20) unsigned NOT NULL AUTO_INCREMENT,
  `tokenable_type` varchar(255) COLLATE utf8mb4_unicode_ci NOT NULL,
  `tokenable_id` bigint(20) unsigned NOT NULL,
  `name` varchar(255) COLLATE utf8mb4_unicode_ci NOT NULL,
  `token` varchar(64) COLLATE utf8mb4_unicode_ci NOT NULL,
  `abilities` text COLLATE utf8mb4_unicode_ci DEFAULT NULL,
  `last_used_at` timestamp NULL DEFAULT NULL,
  `expires_at` timestamp NULL DEFAULT NULL,
  `created_at` timestamp NULL DEFAULT NULL,
  `updated_at` timestamp NULL DEFAULT NULL,
  PRIMARY KEY (`id`),
  UNIQUE KEY `personal_access_tokens_token_unique` (`token`),
  KEY `personal_access_tokens_tokenable_type_tokenable_id_index` (`tokenable_type`,`tokenable_id`)
) ENGINE=InnoDB AUTO_INCREMENT=5 DEFAULT CHARSET=utf8mb4 COLLATE=utf8mb4_unicode_ci;
/*!40101 SET character_set_client = @saved_cs_client */;

--
-- Dumping data for table `personal_access_tokens`
--

LOCK TABLES `personal_access_tokens` WRITE;
/*!40000 ALTER TABLE `personal_access_tokens` DISABLE KEYS */;
INSERT INTO `personal_access_tokens` VALUES (4,'App\\Models\\User',183,'JWT','b2497eaa515dfabe6390a0c8530938a02207bda8aed8d01da97574fd96aafe07','[\"server:admin\"]',NULL,NULL,'2023-01-12 15:46:36','2023-01-12 15:46:36');
/*!40000 ALTER TABLE `personal_access_tokens` ENABLE KEYS */;
UNLOCK TABLES;

--
-- Table structure for table `projetos`
--

DROP TABLE IF EXISTS `projetos`;
/*!40101 SET @saved_cs_client     = @@character_set_client */;
/*!50503 SET character_set_client = utf8mb4 */;
CREATE TABLE `projetos` (
  `id` int(11) NOT NULL AUTO_INCREMENT,
  `descricao` varchar(250) NOT NULL,
  `link` varchar(300) NOT NULL,
  `versao` varchar(10) NOT NULL,
  `status` enum('C','P','T') NOT NULL,
  PRIMARY KEY (`id`)
) ENGINE=InnoDB AUTO_INCREMENT=22 DEFAULT CHARSET=utf8mb4;
/*!40101 SET character_set_client = @saved_cs_client */;

--
-- Dumping data for table `projetos`
--

LOCK TABLES `projetos` WRITE;
/*!40000 ALTER TABLE `projetos` DISABLE KEYS */;
INSERT INTO `projetos` VALUES (1,'Escala','http://10.1.1.57/dev/escalamedica-ps/','1.0','T'),(2,'Contas Paradas','http://10.1.1.57/dev/hub/','1.0','P'),(3,'Azophi','http://cs.hospitalriogrande.com.br/azophi/','1.0','C'),(4,'Azophi CC','http://cs.hospitalriogrande.com.br/azophicc','1.0','C'),(5,'SOS Maqueiro','http://10.1.1.31/centralservicos/sosmaqueiro','1.0','T'),(6,'Avasis','http://10.1.1.57/dev/avasis/','1.0','T'),(7,'Espera','http://10.1.1.57/espera','1.0','T'),(8,'Espera 2','http://10.1.1.57/espera2/','1.0','C'),(9,'Papem','http://10.1.1.57/papem/','1.0','T'),(10,'Papem Recep','http://10.1.1.57/papem_recep/','1.0','T'),(11,'Agenda Centro Cirurgico','http://agendamento.hospitalriogrande.com.br','1.0','P'),(12,'Gestao de Leitos','http://gleitos.hospitalriogrande.com.br','1.0','T'),(13,'Inutri','http://cs.hospitalriogrande.com.br/inutri','1.0','C'),(14,'Mapa de Leitos','http://10.1.1.57/dev/painel_agm/','1.0','P'),(15,'Monitoramento Exames','http://cs.hospitalriogrande.com.br/monexm','1.0','C'),(16,'Monitoramento PA','http://cs.hospitalriogrande.com.br/monps','1.0','C'),(17,'Sistema de Chaves','http://10.1.1.25/chaves','1.0','T'),(18,'Refeicoes','http://10.1.1.57/dev/refeicoes/','1.0','P'),(19,'CheckOS','http://cs.hospitalriogrande.com.br/checkos','1.0','P'),(20,'Sisnot','http://cs.hospitalriogrande.com.br/sisnot','1.0','T'),(21,'OuviMed','http://cs.hospitalriogrande.com.br/ouvimed','1.0','P');
/*!40000 ALTER TABLE `projetos` ENABLE KEYS */;
UNLOCK TABLES;

--
-- Table structure for table `sistema`
--

DROP TABLE IF EXISTS `sistema`;
/*!40101 SET @saved_cs_client     = @@character_set_client */;
/*!50503 SET character_set_client = utf8mb4 */;
CREATE TABLE `sistema` (
  `id` int(11) NOT NULL AUTO_INCREMENT,
  `nome` varchar(30) NOT NULL,
  `descricao` varchar(500) NOT NULL,
  `status` char(1) NOT NULL DEFAULT 'A',
  PRIMARY KEY (`id`)
) ENGINE=InnoDB AUTO_INCREMENT=20 DEFAULT CHARSET=utf8mb4;
/*!40101 SET character_set_client = @saved_cs_client */;

--
-- Dumping data for table `sistema`
--

LOCK TABLES `sistema` WRITE;
/*!40000 ALTER TABLE `sistema` DISABLE KEYS */;
INSERT INTO `sistema` VALUES (1,'Admin','Sistema de administração da central de serviços.','A'),(2,'iNutri','Sistema da nutrição para solicitação de refeições.','A'),(3,'SisNot','Sistema de notificações de incidentes.','A'),(4,'Gestao de Leitos','Sistema de gerenciamento de leitos do hospital.','A'),(5,'Avasis','Sistema de avaliação de serviços.','A'),(6,'MonExm','Sistema de monitoramento dos exames.','A'),(7,'MonPS','Sistema de monitoramento do pronto socorro.','A'),(8,'AzophiCC','Sistema de monitoramento do centro cirúrgico.','A'),(9,'SOS Maqueiro','Sistema de solicitação de maqueiros.','A'),(10,'Azophi','Sistema de monitoramento do hospital','A'),(11,'Pa Filas','Sistema de monitoramento das filas do P.A.','A'),(12,'CheckOS','Sistema de monitoramento de OS.','A'),(13,'Check Exame','Sistema de monitoramento de Exames.','A'),(14,'Pacom','Sistema de validar e autorizar compromissos.','A'),(15,'Pleitos','Sistema de monitoramento de leitos.','A'),(16,'CountSis','Sistema de gestão de itens e inventários','A'),(17,'Indicadores de Atendimento','Indicadores de atendimento','A'),(18,'ARamais','Sistema para visualização e gerenciamento de ramais.','A'),(19,'Censo Fugulin','Gestão de riscos concernentes à pacientes','A');
/*!40000 ALTER TABLE `sistema` ENABLE KEYS */;
UNLOCK TABLES;

--
-- Table structure for table `token_acesso`
--

DROP TABLE IF EXISTS `token_acesso`;
/*!40101 SET @saved_cs_client     = @@character_set_client */;
/*!50503 SET character_set_client = utf8mb4 */;
CREATE TABLE `token_acesso` (
  `id` int(11) NOT NULL AUTO_INCREMENT,
  `usuario_email` varchar(150) NOT NULL,
  `selector` text DEFAULT NULL,
  `token` text NOT NULL,
  `tempo_expiracao` text NOT NULL,
  `tempo_expiracao_date` datetime DEFAULT NULL,
  PRIMARY KEY (`id`)
) ENGINE=InnoDB AUTO_INCREMENT=320 DEFAULT CHARSET=utf8mb4;
/*!40101 SET character_set_client = @saved_cs_client */;

--
-- Dumping data for table `token_acesso`
--

LOCK TABLES `token_acesso` WRITE;
/*!40000 ALTER TABLE `token_acesso` DISABLE KEYS */;
INSERT INTO `token_acesso` VALUES (10,'pedro@email.com','85f1fc49e26169c2','$2y$10$zn658S5nKwSB33bPbiGPCu9V2aAqo48QYiAdV9aH2xjlj22WRf9Cq','1634758334',NULL),(17,'teste@email.com','ad979ee59ece3adc','$2y$10$mQYWvAygJCrkYugAESoIt.fSmUr4ClLBVgxYvItK3gxGqU4938pfi','1634759535',NULL),(18,'teste@email.com','ed6c19ebdfddc684','$2y$10$JlF6ptk2Hqm6NpNL/LgeZOzVb6xxORg0gZl.VmSEQ0xU7ev0oQ7FO','1634759548',NULL),(27,'antoniolinhares@nhc.com.br','1efbc411fdd6cee4','$2y$10$N61vTHgoByLRhStchM0f2.V.GY4Vtic3dpq6hWBP.OWlzSe8APLSm','1641182572',NULL),(28,'antoniolinhares@nhc.com.br','b70c04a72f8053b3','$2y$10$VSgNDKELMfDnhH/jPSLHiuXFDnQVeaH3KdW9mdeKbZacxV2Gfcxum','1641182581',NULL),(33,'joseteles@delfinsaude.com.br','fde012b9fa56122b','$2y$10$ikTz/UUpla/DMkEUDk0i.ec7/Wbf4DRrrO4F7bJhScV4FGE7EaMAW','1641918596',NULL),(39,'annickcarvalho@nhc.com.br','7b183782b3c07a2d','$2y$10$AAGP5tUGTpImbVc9C7YbLePmEY5OSOwcvrKOWntgIxsgQge4pZM7q','1642158641',NULL),(41,'thamirisaraujo@nhc.com.br','214a1a52adc53cf6','$2y$10$Ql092slOeWxClaZpmhnhAefTq0RmXHktrJCa9xEVxYlO.IPvcPaMC','1642421545',NULL),(46,'miguelsicolo@hospitalriogrande.com.br','847e405a5ec8ad8b','$2y$10$1mhv3qyHeQfJ3GRTR0KHnuHyZx/614NNuiSVxE6EcioCeR4gq7Nn2','1645636434',NULL),(47,'miguelsicolo@hospitalriogrande.com.br','3ad46f2e3d42e3c1','$2y$10$VSGdL0/OFhlbTIolRNJ6NOxF2AyXOX3nTuTmioapX.iP623Z9PuKC','1645636441',NULL),(48,'miguelsicolo@nhc.com.br','eab689135ecb97a0','$2y$10$tskBM/WI3QDiSSwpc1KLSeZXukceZNk8mPZ.k9rncrcN5MEZ0aF0y','1645640742',NULL),(49,'miguelsicolo@hospitalriogrande.com.br','f28911bffd20f03c','$2y$10$6iZIX54TR.tqaJ.9hCPGVuzfrJxu3RBs4ibVN.oQ1lcP4tSpeKy9K','1645640910',NULL),(51,'processos@hospitalriogrande.com.br','97f6598312c9a34e','$2y$10$Zmx8nhoEqf.vaM92QCTuouIC7IEBEinBKFEW.XJHRRsl373CqZOt2','1646666255',NULL),(52,'processos@hospitalriogrande.com.br','0dc17e9cc869ee48','$2y$10$YleI4CIXocu2aZSC3AvNw.eaw/ar8T2wOl12/9d3WIjOpGmCcfeaa','1646666547',NULL),(53,'processos@hospitalriogrande.com.br','252bfa1bae726e96','$2y$10$qAIaVlvvYzIKb4RSM9aiY.NhZBbaszFWKRjvS8jaJeHyVRaJlBbSS','1646666550',NULL),(54,'processos@hospitalriogrande.com.br','8089fe9c8b2965bb','$2y$10$Y/Fi.ksLsRz4h4.xz0b3SeS0oylb/KmZpceO0pKHCxNr/Ww8WqeN2','1646666768',NULL),(55,'processos@hospitalriogrande.com.br','1c1738417b0868b4','$2y$10$K/338CkGs46z/zzDIyhHAuUzprh3oNW6gSPjOBvJTZ/umTgbOnm86','1646666772',NULL),(56,'processos@hospitalriogrande.com.br','a887afde371ab4b7','$2y$10$2JRunlIMw5uJFnyuGSNqUubgLkAl04Dor/cZIpLnsjPfwfS1xtxUe','1646666872',NULL),(57,'processos@hospitalriogrande.com.br','ba5e33550af642e6','$2y$10$SiKwQOwBdvLyAl3Z3GmL0.RbnQfAdZzcVrYeI6ms4Zpb2Q3kf4DDe','1646666875',NULL),(58,'processos@hospitalriogrande.com.br','45414d1acb8b9445','$2y$10$4mbF3BoLRHowOzcLWFALhuUwVcHeePEe6a5PkxKkQenWzGG6RLqQO','1646667022',NULL),(64,'larissadantas@hospitalriogrande.com.br','929ffa8bdac39f78','$2y$10$.9neMSDe2emPbW3hkyrhVeNOiDogtxjcb.u/MhhZHdd5Rx7Zq96YO','1647614722',NULL),(70,'larissadantas@hospitalriogrande.com.br','968dafcd92b11c81','$2y$10$WuMW4PwCP0VnO9DwnUccUOB/YoL1iwvJyv0/P/qSRv3DfKeQu10su','1648661754',NULL),(71,'larissadantas@hospitalriogrande.com.br','b1b0f2b43fbd7381','$2y$10$o9UZG.ZAilCjTAEvyaspU.unPS8ivTifvR90GKkKrW8d8JesQewoa','1648661796',NULL),(72,'larissadantas@hospitalriogrande.com.br','51823ce5f6a29fd5','$2y$10$tt7KSxTkHfDAkW0RiBRxeOyaTLWgu0Xa0nRwPn5rhFzN06gOz3PgC','1648661800',NULL),(73,'gabriellamoraes@hospitalriogrande.com.br','b37f91e07417544b','$2y$10$U3grt8svAA8rhOjLrg43heNdSuFZQB8BWLqBOeekrtG9DetFTDtCq','1648730894',NULL),(74,'gabriellamoraes@hospitalriogrande.com.br','e73ba93d36c7134f','$2y$10$LjyhgYeGVt9nGdS.v3iUTOfQFUi6NK0jiZpmDI4GAFqe40Zs3OWPq','1648732533',NULL),(75,'gabriellamoraes@hospitalriogrande.com.br','a565ed63c6ccd114','$2y$10$W3zNlz53gR.H6qux3kmQcevtqlXpwGPP/O7MwNopYrWj/Uhb0qeyO','1648732676',NULL),(76,'gabriellamoraes@hospitalriogrande.com.br','ee6c00a469376db2','$2y$10$Ca8CgHKP7P0vmTkvCMooDOZXDCfZ47Ia8sGQ4mgUiJJY38C0hKpNW','1648817792',NULL),(77,'gabriellamoraes@hospitalriogrande.com.br','eb38df2c8a0dfa66','$2y$10$Ou2xt2QGbX3fqbVpHKoJsOEpXBcIz3aKg92ICfR4isX8WPpQWTCoG','1648817844',NULL),(78,'gabrielcp4@outlook.com','d922d8ed82119994','$2y$10$2zGO0wCYTasoK5wgbx8JCu3EHcwq6gVfweJzEBDJW6BfDxs5XQMsS','1649855434',NULL),(79,'gabrielcp4@outlook.com','47e3f5ac967fb4db','$2y$10$chwz0uHfHY7JnRO6yUNgPufG6QHCtsoptPApIKEfTH1C9wyMuRvUa','1649855656',NULL),(80,'gabrielcp4@outlook.com','f55420392bd91f1e','$2y$10$RXmaCLigpkv/1/FNSxJIKukEzcbaCEBj/Y8S6.zhQ2AS4Vdpz6lCG','1649856081',NULL),(81,'gabrielcp4@outlook.com','709b7177386a38b5','$2y$10$PI2uOgI/mQAQd/rJanxZWeSgSQJ9zGhHzDWgjSTpWM5s7QDw.YSI.','1649856143',NULL),(82,'usuario@email.com','7cb7a86911b2cf52','$2y$10$0lesvuELeqgin27qUVla/.BhJFdWvnI9z0IQN8L1X66FkOCmbqI3e','1649856195',NULL),(83,'gabriellamoraes@hospitalriogrande.com.br','ba92a492e4067e02','$2y$10$FX4AW9CfrLRP7EKXsKaCLOZusM0uBHQ/6Y8OqJfqHEiiRQRRbYqve','1649857078',NULL),(84,'gabriellamoraes@hospitalriogrande.com.br','84bcf04c7592c227','$2y$10$K7vdGrKsnEqgt57SKeoUrO.DKQ2xiqzboLuHyv/BJrGUAPwf2gXnS','1649857082',NULL),(85,'gabriellamoraes@hospitalriogrande.com.br','1f4062c7e062a146','$2y$10$ouGzDbEmRhDxN66qyoY52OI8YqSXLK2QSSew5iddvagJDc2efHMnC','1649857086',NULL),(86,'gabriellamoraes@hospitalriogrande.com.br','8a6d6b5961a65ac0','$2y$10$BqMF2obCTpOWaoIQn07rEuWO4y5x/bwdtd15euhYNBvEJYbX.hjc2','1649857462',NULL),(87,'gabriellamoraes@hospitalriogrande.com.br','1a3cbf21294fb92d','$2y$10$VcMKSfC2WfKuf7fk98dGceiaw0J1zF8Fnm8oEssK2dOo179eNMOJi','1649857528',NULL),(88,'gabriellamoraes@hospitalriogrande.com.br','e35e7fe292c60f2d','$2y$10$x3Ft9FYxJLpQYymmVA1iGuPEHGta.lg4HnbHTv1KNg863JK2d1rq2','1649857585',NULL),(89,'contato@joseteles.com.br','6240e92d18df81ea','$2y$10$EippBCCL6zb8/umFNG/.6uz3eWHhtREWnH.iXxFGupqN9kJsmleDy','1651588950',NULL),(93,'jessica.gerbelli@uol.com.br','1b7527e4d01b845c','$2y$10$k4Ne1VlXGcYophNWKwj.H..tWpET5t2vI58bgwUdGJREJH3igZRYG','1655299492',NULL),(94,'cristianeneves@hospitalriogrande.com.br','c34953def10c6910','$2y$10$zzZ9XvsSZXzcSnjLAhrr1u9i9YcBpQwPifad1kNbRIjiN2tRxzdby','1655728641',NULL),(98,'pedropaulolucas@hotmail.com','f393cc44f9d0edd1','$2y$10$lE6VhFdz3tsbN165deNRFu63pcJxWjf8NIEs/6KChDmEVUD29d7ei','1655734462',NULL),(99,'pedrolira@nhc.com.br','e34efde6436ab09e','$2y$10$wPxddbvRc7/I8hQaEX2mR.zPRa8PixRZIGC.s35Y7wfDBd1XotUGS','1655734880',NULL),(125,'prontosocorro@nhc.com.br','3b459ab4017ae3d9','$2y$10$Mwsy9jjmDhZ8vB4uz472DOibPefL9dL0Un1z2c4plKSMF/Fb78Nvm','1665770598',NULL),(127,'prontoatendimento@nhc.com.br','04a4e902b21f1f1b','$2y$10$Jnh7P8paFEee4VD2.TkYeu6KgdpQtQh4LM6/FHx2YG4DqFS3cR8Vi','1666031126',NULL),(136,'npti@hospitalriogrande.com.br','4bfc46efa0bf8406','$2y$10$Ap4F0iXhZ5N52At1PXPD7evnBy1eoTJ55lfDZ9BroPLX8U5NgwZEu','1667499157',NULL),(145,'gabrielcp4@outlook.com',NULL,'pXOPo5xv$LPXvyP$dgDlN39fiaCmRIjJEkDmstTCv3LVjmdM','1','2022-12-01 11:42:03'),(146,'gabrielcp4@outlook.com',NULL,'1cKwgOboNJC3BagL$Cd$8DUvXxWcXlcenxj6TjIk4YT0fpza','1','2022-12-01 11:43:56'),(147,'gabrielcp4@outlook.com',NULL,'EpFmpuD9pLN1Wqe1!Ofld0YdXBPZuqozbdVSR1sVmABgX!$W','1','2022-12-01 11:47:51'),(148,'gabrielcp4@outlook.com',NULL,'Eccvfg0UXT6c65RiOmbx$V7flFRwHxAuZZctU!3Q$yEQ!3Ff','1','2022-12-01 11:48:32'),(149,'gabrielcp4@outlook.com',NULL,'BoKco6UAH7qpB12vRQ#50c6YfPeJN4hqyN!y19HA#IF#QJiq','1','2022-12-01 11:49:20'),(150,'gabrielcp4@outlook.com',NULL,'z8b$6pqUymHOCnTY#pr7ByXNQZh#wNRCIVo4BCHG4h$UTGio','1','2022-12-01 11:51:33'),(151,'gabrielcp4@outlook.com',NULL,'yaBCIZT5b0ByMSbx7wwZz!I0XQxtZULQ81b#!1boiGP2UfZZ','1','2022-12-01 11:52:03'),(152,'gabrielcp4@outlook.com',NULL,'XmnZmvfu2hQPmU3eFHEzaHGGZFXtmBNqSmrbj9b33JDmv#8v','1','2022-12-01 11:52:32'),(153,'gabrielcp4@outlook.com',NULL,'tqr!kE$r2cGTVpey0I7TkyrR61csewKtAB!7WL8j11H59gXU','1','2022-12-01 12:00:58'),(154,'gabrielcp4@outlook.com',NULL,'ptZgsS5qzF1vMgZ9q0F4G3KyWpc8WQbbO1Z7R7pD9GGLB6x0','1','2022-12-01 12:01:45'),(155,'gabrielcp4@outlook.com',NULL,'Y#vSvB1kk8itRLR$VIy2dYACZcCDU7cZ!Ecf7nMe#uiA4Lr$','1','2022-12-01 12:02:25'),(156,'gabrielcp4@outlook.com',NULL,'JAnZhNQj0lqgm1RF7YC1ThjJNgYX!Pzcg5hrOD5RcV7GVGwU','1','2022-12-01 13:27:53'),(157,'gabrielcp4@outlook.com',NULL,'CFvCTqQ2daiBWJOiU$2LR7515QcphkOT69m57laUa5uNUQpK','1','2022-12-01 13:49:11'),(158,'gabrielcp4@outlook.com',NULL,'QS2K4tiN#6IzABxz$Mbx1!1ITZLZVL2H952LWVj!B7DzBs6J','1','2022-12-01 13:54:28'),(159,'gabrielcp4@outlook.com',NULL,'5N9gkJLntwBJfe$LtGyVFaylvf4ilKruLdjaI0xD#$WtSzDQ','1','2022-12-01 13:57:36'),(160,'gabrielcp4@outlook.com',NULL,'oQuCQVGU9j7BHI!73!wbbj1W3o7!3mDuyy4aV22uFru2#$4J','1','2022-12-01 13:58:14'),(173,'matheusaugusto@nhc.com.br','c2efb4832e910f39','$2y$10$DZ7j4JxLQo4luBwvo7Vc3eO.vE9dJOfhZG1zbEDbi0/PbyEexTKP.','1683897131',NULL),(174,'vitortoscano@hospitalriogrande.com.br','b5b67cc2c9d7db43','$2y$10$RnJ6eq6iaclCsXSBomjuLeJhE7EF0FhRhjN55tgvEGnAUy43kQGHG','1692191772',NULL),(180,'antoniolinhares@hospitalriogrande.com.br','7790b7890afa3578','$2y$10$AWdoGrWuhIhrn.BnXf/zJemX9VzQ8zsNIfAX8yIdFWL/kI.DZtUJq','1701108572',NULL),(185,'adriana.bezerra77@gmail.com','72f3337695f00dc7','$2y$10$kOw5Ojrc01o1ii2qy3P/yeETva1arClPooF88OnJ.B3ZvDh22ULIy','1703017205',NULL),(187,'alexandresiilva2468@gmail.com','bd047d4e59efdf67','$2y$10$fYHMeddTJbpipeK.7R8d7usxRh4QvCJwxIA5ozJTqS8t/ZSi/I66q','1703017295',NULL),(190,'raulvinicius@nhc.com.br','3428c11d0110df5b','$2y$10$IhRDuM2d.t4Qh9RLGwmTae.dSekgOwYddJkPSxpcwE9NLq03OZDLK','1704977032',NULL),(215,'adriana.bezerra77@hotmail.com','5c6c7b55cc811a56','$2y$10$PYTktfCoZkf7GaRM8rCVje9dNxNCyaU8lGbcoj1WFDZMe3hJjNav6','1712758279',NULL),(218,'claudia.oliveira641@gmail.com','ea13bf7495a5b77f','$2y$10$k.58fOX7.MpDwjoNzz4ale.T8V2POOxwSWGT6QQB5LNpPinEtFS6y','1712839478',NULL),(226,'lucasbarreto@hospitalriogrande.com.br','24b26ed146c3dd90','$2y$10$5MDbIleVdZv09rM6YU.Q4u2gEPh14KoKumnqjh3RxdiGuerHivYQO','1716841454',NULL),(227,'contasapagar@hospitalriogrande.com.br','1f9c24271fa8f345','$2y$10$1PqPRFOToJtszPw3IDSrAObpPx6ZmXCZI97FVFZ6F.JKy2DTfZRg6','1716841768',NULL),(228,'ofcdavid@gmail.com','146538d4bde36868','$2y$10$3A5EUMoUYoGJv8Hd3kzaeOdTa.vsxVLEL4UeCqx.gEx25OMXhJbQC','1716894720',NULL),(230,'emanuelpereira@hospitalriogrande.com.br','aaa2913acfc7e4c9','$2y$10$SiHyisoVCqqGQdWPrwo3r.3MAakbuM3e8GvIiew6qpWlLknFnSJaS','1717783238',NULL),(251,'davidgabriel200507@gmail.com','316635101ab2c82f','$2y$10$VKNQo65pXbBmGSazRTGsjOfjeYen99m.7H6loziqXmV3HanFQFHb.','1718831399',NULL),(278,'vicmath64@gmail.com','ad0f64feb587809b','$2y$10$nCpvuinzvea6clQZAxoh0uzRllkcB3CNiS..59CmJDbl1UZAUxPp.','1722358799',NULL),(281,'marcoshudson4321@gmail.com','3f603e0eb30f44ea','$2y$10$mfPb8HeB1piRE5ZE2P5.2OAlQyfLpuF/7wA1hGigDDmoqbOcHZgby','1722365742',NULL),(310,'davidaraujo@hospitalriogrande.com.br','8c8bac2063d6b7db','$2y$10$rpW4v2lfG9EsCJ35gzEfYuw/qkwDwkcUP0r5INv1d71Eo0/enlJYK','1724780710',NULL),(312,'diegocarvalho@hospitalriogrande.com.br','f8427a800eda7af1','$2y$10$yCFzj/tdVU1t.pX93qkGoO29Bqs2Jx2WAlAFwhw.he9ocIa290.IW','1724852345',NULL),(313,'soloestudos@gmail.com','057a1459b12980ac','$2y$10$DRw8kx7xxO/eLZZbTKv3peB9FKbdDyH2Jd9kYBRPp.lDveiFlWtry','1724867061',NULL),(317,'victor.matheus.melo.072@ufrn.edu.br','95f3d177c7a2fcdc','$2y$10$vG8LgDgs9hRGLehnIV28gOKpNkfXMOQsYAe.AvXhqqdfYXL5xdJGS','1725375963',NULL);
/*!40000 ALTER TABLE `token_acesso` ENABLE KEYS */;
UNLOCK TABLES;

--
-- Table structure for table `usuario`
--

DROP TABLE IF EXISTS `usuario`;
/*!40101 SET @saved_cs_client     = @@character_set_client */;
/*!50503 SET character_set_client = utf8mb4 */;
CREATE TABLE `usuario` (
  `id` int(11) NOT NULL AUTO_INCREMENT,
  `nome` varchar(30) NOT NULL,
  `sobrenome` varchar(45) NOT NULL,
  `cpf` varchar(11) NOT NULL,
  `email` varchar(150) NOT NULL,
  `senha` varchar(500) NOT NULL,
  `status` varchar(1) NOT NULL DEFAULT 'A',
  `matricula` varchar(10) DEFAULT NULL,
  `data_criacao` timestamp NOT NULL DEFAULT current_timestamp(),
  `novo` tinyint(4) NOT NULL DEFAULT 1,
  PRIMARY KEY (`id`),
  UNIQUE KEY `email` (`email`)
) ENGINE=InnoDB AUTO_INCREMENT=252 DEFAULT CHARSET=utf8mb4;
/*!40101 SET character_set_client = @saved_cs_client */;

--
-- Dumping data for table `usuario`
--

LOCK TABLES `usuario` WRITE;
/*!40000 ALTER TABLE `usuario` DISABLE KEYS */;
INSERT INTO `usuario` VALUES (4,'Nutrição','','---','nutricao@hospitalriogrande.com.br','$2y$10$3lBZs09mzvgnCiE7.bcTyeuu7NrFbN9jbDp3xFiTZwtS2GRMsh6Le','A','','2021-10-13 20:05:09',0),(5,'Equipe','TI','---','npti@hospitalriogrande.com.br','$2y$10$fGhi4.EY1AlTsZ5G2FgK/.09/Lo7e7Lq5IQZGtrUakaE7w8LdBrf2','A',NULL,'2021-10-13 20:05:09',0),(7,'Terceiros','','---','terceiros@hospitalriogrande.com.br','$2y$10$zsgHyIryt4LLL1XtYLE5DOo.jykE13.XcRTRLIDKJQ4c1ao22IgVO','A','','2021-10-13 20:05:09',0),(8,'NSP','','---','NSP@hospitalriogrande.com.br','$2y$10$Jq79hbzlpR9zXuMQgqkVH.7Qoyupa3/IRnXw2ED019QDQniFZUy1u','A','','2021-10-13 20:05:09',0),(14,'Matheus','Augusto','01782644407','matuzocaos@gmail.com','$2y$10$RsTsV4A9u5pbG7cG6tjetOyajifh2lNnfILgT6gq2LylEzNqNiUQy','D','5292','2021-10-21 17:02:45',0),(17,'Ouvidoria','','---','ouvidoria@hospitalriogrande.com.br','$2y$10$3lBZs09mzvgnCiE7.bcTyeuu7NrFbN9jbDp3xFiTZwtS2GRMsh6Le','A','0','2021-10-26 18:36:50',0),(20,'Pedro','Paulo','08356508479','pedrolira@nhc.com.br','$2y$10$bhdWwJc.pm.zFndzC.KDk.anR8bvcpTYvILsagf11vLSczHKDLbi6','A','5134','2021-10-26 20:09:47',0),(23,'José','Teles','01437612504','joseteles@delfinsaude.com.br','$2y$10$Nnm1lzss0j8f0Dn9FjqaYOZBUnaqKYl489vMQzrLJvwuoBRB6xKPu','A','000','2021-10-27 19:59:01',0),(24,'Monainna','Vilela','---','monainnavilela@nhc.com.br','$2y$10$XSmP01EUhvZVJ0VGWexwMu749GNn11Tk3i9H8qNnC.GbRk1DT9xka','A','4054','2021-11-03 14:44:00',0),(25,'Valbia','Luana','---','valbianascimento@nhc.com.br','$2y$10$XSmP01EUhvZVJ0VGWexwMu749GNn11Tk3i9H8qNnC.GbRk1DT9xka','A','4550','2021-11-03 14:44:00',0),(26,'Isabelly','Stephanie','70284724424','isabellynobre@nhc.com.br','$2y$10$XSmP01EUhvZVJ0VGWexwMu749GNn11Tk3i9H8qNnC.GbRk1DT9xka','A','5286','2021-11-03 14:44:00',0),(27,'Regina','da Silva','---','reginaerica09@gmail.com','$2y$10$XSmP01EUhvZVJ0VGWexwMu749GNn11Tk3i9H8qNnC.GbRk1DT9xka','A','4610','2021-11-03 15:50:22',0),(28,'Leonard','Bernstein','04874198473','leonardgoncalves@hospitalriogrande.com.br','$2y$10$4dGfqDYBUDAaIxOm26KuVuF0Ws5DCy4QEMgP1OVNwSnr/lZZY.D16','A',NULL,'2021-11-03 15:54:35',0),(29,'Christian','Cauãn','---','christian@hospitalriogrande.com.br','$2y$10$TDr5W8TnU5yptiTBb3voru.LIfp5CgjFZD3iCUYPk3KWQ6z74C5q2','D',NULL,'2021-11-03 15:54:35',0),(31,'Kellyngton','de Oliveira','---','kellyngtonoliveira@nhc.com.br','$2y$10$s/XLG.XMBe9SMIeK6dv0PuRtZIpVq./EcAcfirMmjScHLZg9fXf0u','A','4523','2021-11-03 15:54:36',0),(32,'Priscila','Santos','10575080477','priscilasantos@nhc.com.br','$2y$10$YvDGwI9qD4JcowZCD3W.nOtr3hp4kXfx1QAaf/IRfxKKT/DL6eu3m','A','4862','2021-11-03 15:54:36',0),(33,'Dayse','Barbosa','---','daysebarbosa@nhc.com.br','$2y$10$B.P1rBGiyjio66FQqLRYZel5TgHEM5/Jkuln6Sv79U4twPXVtg/yO','A','4308','2021-11-03 15:54:36',0),(34,'Manoel','Luduvico','03518475452','manoelluduvico@nhc.com.br','$2y$10$WkUdISpAMGnOA98ZyAf0e.vHqUlIYDhNRpSYHlrZc9nfmQ2Orvg2m','A','4035','2021-11-03 15:54:36',0),(35,'Eliane','Moreira','---','elianemoreira@nhc.com.br','$2y$10$fEkzpzTJ6.sxiapeG1vJxOWXZ40l8O4qqPJhP2R5FF7Xz.mP01LcK','A',NULL,'2021-11-03 15:54:36',0),(36,'Edineuza','de Souza','---','edineuzasouza@nhc.com.br','$2y$10$O3K9BkMUxtt6xDjxi65xH.qbe5BxNlXC7Xd/KABom4HcUwSaVo9cO','A',NULL,'2021-11-03 15:54:36',0),(37,'Thamiris','Costa','---','thamirisaraujo@nhc.com.br','$2y$10$Hz5aHcIWKo8Bj0AWOf4FqOwveNgvrrWCMGsnWW644PhriZ1tymZ6O','A','','2021-11-03 15:54:36',0),(38,'Uiara','Tinoco','---','uiaratinoco@nhc.com.br','$2y$10$lhIKf4A81V0BJ7vd5hw3oOu/L8wtZMzD3dAdCiQmP4aqDfHlrZ4Ou','A',NULL,'2021-11-03 15:54:36',0),(39,'Grace','Ferreira','---','graceferreira@nhc.com.br','$2y$10$mgF2MQrcVO9P9S0zuKptSeGDQESs1.x1l3aM5zIPaxpAMwUKLTw.q','A',NULL,'2021-11-03 15:54:36',0),(40,'Yasmin','Bezerra','---','yasminbezerra@hospitalriogrande.com.br','$2y$10$o7sJmpmRhSyULfKN4254Je1DWXA/LCZd81.CUDHTDVuFZnF6PB2ye','A',NULL,'2021-11-03 15:54:37',0),(41,'Paula','Jucyara','05562353474','paulajucyara@hospitalriogrande.com.br','$2y$10$D2TdA/PQyrYaqsghZEbZ/.zeE5JW4JBom4WvymKzsn0ZVt/5Ag8kO','A',NULL,'2021-11-03 15:54:37',0),(42,'Artulina','Silva','---','arthulininha@gmail.com','$2y$10$.nne9pd2EjWwkjgyGtUAJeQlisQX4d5vw06R.SWcwXOOdTTCc9LGW','A',NULL,'2021-11-03 15:54:37',0),(43,'Juliana','Moura','---','julyanna.ma@gmail.com','$2y$10$wqcqLOgPbXrkY84SR8BqMecYLcwjqyPy9SEsw.As7DVxJ37GeUY.a','A',NULL,'2021-11-03 15:54:37',0),(44,'Antonia','Eloisa','---','eloisasilva34567@gmail.com','$2y$10$C/wWNlOlSQ7WDPXFZj4MmO6e43JgSLSbeTY.O2NOD2Od/NS3.p87u','A',NULL,'2021-11-03 15:54:37',0),(45,'Diogo','Alves','---','diogofortunato049@gmail.com.br','$2y$10$ApWLFz9MG.EDjljoAM0AAeRQ/AJoS3nLF1RbajMGU7LsbFAW10xpm','A',NULL,'2021-11-03 15:54:37',0),(46,'Olga','Moreira','---','olgamoreira@nhc.com.br','$2y$10$aMIUEXC1Q3cLEDjah6NNvOZ/GCw1N0plWm.fiVF7H2OKBaN1yAPim','A',NULL,'2021-11-03 15:54:37',0),(47,'Vivian','Graziella','---','viviangraziella1990@gmail.com','$2y$10$3B3I.U.UatyaC6XqbdR5TOyEs26g/c.0pcnG8qcN8QCKPL.iXya6C','A',NULL,'2021-11-03 15:54:37',0),(48,'Rafael','Lima','07425190400','enfrafaellima@gmail.com','$2y$10$br4Dy6YPP9wFlvNCGRBQSONtRn3PY8E3XDuC3lihqfl6lMQ3CeCHe','A','','2021-11-03 15:54:37',0),(49,'Willkenia','Morais','95010025434','willkeniamorais@enf.nhc.com.br','$2y$10$96exlCjDE4/CK0hkGobTOu4BJMUPGPeUqgRcYGDZHDgr7IvMr3Qlq','A',NULL,'2021-11-03 15:54:37',0),(50,'Francyel','Nascimento','06820485425','francyel2012nurse@gmail.com','$2y$10$7ZD8ldodN5d1FO0Q5m2LHet6cw2CSjxKtLYkGbUvvV.oNGsDVHKc6','A',NULL,'2021-11-03 15:54:38',0),(51,'Lívia','Dantas','07399923418','liviadantasenf@gmail.com','$2y$10$.WIQLQkluOIhio5m3P7SPOBRQbNb4Oce3maUtCJCj0Pzy25A90dRq','A','5076','2021-11-03 15:54:38',0),(52,'Giselle','Fernandes','03631122438','giselle_dedela@hotmail.com','$2y$10$u.6QfgaHW.TabSJ1VeXNreToEAiyVtYBIs2MAwuH4MWHIeIJAutc6','A',NULL,'2021-11-03 15:54:38',0),(53,'Andrea','Katiane','00859039498','andreakatiane@hrg.com.br','$2y$10$zWKPF1IW4X5Ic4yKqBKNmOKaCtr9X3tCkE1IHOtdCnDhCDEknOqbe','A',NULL,'2021-11-03 15:54:38',0),(54,'Emanoel','Bastos','03262713333','emanoelhbastos@gmail.com','$2y$10$LD7QquD.gbuU.mLV//AyDOr18jT6BOIFSHiIhXkvpfOFz4txq/OOq','A',NULL,'2021-11-03 15:54:38',0),(55,'Cintia','Rafaeli','10397720483','cintiarafaelib@gmail.com','$2y$10$gHYmvx.s451Tt3HOwgRlMOlMhZ6Xxx9AglXjgqLwqAVOErpadLs02','A',NULL,'2021-11-03 15:54:38',0),(56,'Francisco','das Chagas','08118657469','franciscomoura@nhc.com.br','$2y$10$6y/UMAIAFkbXheZl4x05WOBGVe7xO8gCpu7cwmrYXmVOaP1Zrt/gu','A','','2021-11-03 15:54:38',0),(57,'Micaelly','Moura','01643044443','micaellynobrega@nhc.com.br','$2y$10$6YrOqBtXk5Vaozip7QTHGu9LhjG5inApxYCLhh4r9MzIw95wCa3ge','A',NULL,'2021-11-03 15:54:38',0),(58,'Daigley','dos Santos','07133837471','daigley.santos@gmail.com','$2y$10$vQrkZx5q6/jsISqa.y3QyuA7B7FuxHFDR1FfDvVsveluxAJQ0Cpqq','A',NULL,'2021-11-03 15:54:38',0),(59,'Ramicla','Akali','01766028446','ramiclaakli1@gmail.com','$2y$10$eQfwLOdU3gMblF0DtLrBB.eGUyIRLdO9ORmEB7XwP.lZDXg/7jrKW','A','4094','2021-11-03 15:54:38',0),(60,'Ediclea','Firmino','78610184404','edicleafirmino@gmail.com','$2y$10$YcDBp12myHTvXTqks2gRKewbtDrix/OWn1mnb.PV2p8XqI4ehjASW','A','1912','2021-11-03 15:54:39',0),(61,'Misângela','Almeida','04931915426','misangelaalmeida@nhc.com.br','$2y$10$akL5rpFjuMoR69P.vCiqpOB9r/xIVMs1knYajp1taxz4iKMYuv87C','A','2711','2021-11-03 15:54:39',0),(62,'Nadson','Matias','---','nadsonmatias@nhc.com.br','$2y$10$c473031BzcFmPj501CHXuuqRqsarLFdpxWxcvz3/qcGHGPIr7x8hO','A','4863','2021-11-03 15:54:39',0),(63,'Vânia','Marques','03152354460','vaniasilva@nhc.com.br','$2y$10$efiKd6mV/oaAhNqTQIOtbuUbtbDOUNedB95VBR41xgs8XkebtwKk.','A','4875','2021-11-03 15:54:39',0),(64,'Gustavo','Henrique','01286370485','gustavogomes@nhc.com.br','$2y$10$uiEIILw6h7tema4Sju4u9uktlJUT9NOcLUboNg9WfWArffam9uuO.','A','4643','2021-11-03 15:54:39',0),(65,'Renata','Silva','70461397412','renatasilva@nhc.com.br','$2y$10$exBTE..5.p9X1uKe5jiwn.IribeRjY7vjseY1jqS3XTVevLzVPG8.','A','','2021-11-03 15:54:39',0),(66,'Larissa','Guedes','---','larissaguedes@nhc.com.br','$2y$10$LkJfRA6U6TL2nBvnTJ4XL.NIQ7emxzr4lk4lXTjXV8sUBSsC8Qk2m','A','5268','2021-11-03 15:54:39',0),(67,'Yasmin','Silva','---','yasminsilva@nhc.com.br','$2y$10$oaTik.EAc4E9s9or/H68u.qGB8C6Xo9Cy65jsnqoQJUk3Fphz5cR6','A','4605','2021-11-03 15:54:39',0),(68,'Juciara','Silva','08498986419','juciarasilva@nhc.com.br','$2y$10$Fp9O4zLh2ed8uPX4jc.vQuK6UK01AFARUChU3mS/4YACXX5Xg5SLG','A','4111','2021-11-03 15:54:39',0),(69,'Virginia','Azevedo','02738938400','virginiaazevedo@nhc.com.br','$2y$10$AvZ2g8VfAMmvf6BgpAPBleqNXikwiC5y1f.doT.qu7IfJwwe/aFxy','A','','2021-11-03 15:54:39',0),(70,'Jamilly','Raquel','---','jamilly.raquel11@gmail.com','$2y$10$2Mqh5d9SzErESIy0t/LdWO4C99ycJPQDs2/WwvvPlHikCG123cRJi','A',NULL,'2021-11-03 15:54:40',0),(71,'Jonas','Elison','---','jonaselison13@gmail.com','$2y$10$CB9WRDRoJ4o2tUIaismpuOM8tLNi.gJfzVYZaMB3jWWnC4YJv3wm.','A',NULL,'2021-11-03 15:54:40',0),(72,'Andreia','Silva','---','andreia.s_a@hotmail.com','$2y$10$Qff51.gS7vgsxt2GgmLI1upsQZxsDndmp2amY8NkM9iE0F6qSm8D2','A',NULL,'2021-11-03 15:54:40',0),(73,'Juliana','Praxedes','06947890462','juliana-praxedes@hotmail.com','$2y$10$wm60fgru0NzR5ALX5LylWu71mOPK68H2smT0ag61ePVJ/P5umAbX6','A','5650','2021-11-03 15:54:40',0),(74,'Osenir','Fonseca','65553438420','osenirmafonseca1406@gmail.com','$2y$10$lz3g7xNkBYOFrnS7SDoR7e5JQUbBMZ25q.wNGqsDAuaAZUbREW51G','A','3050','2021-11-03 17:08:56',0),(75,'Ana','Luiza','70448921405','analuizavalle@outlook.com','$2y$10$rHQN.CtXZ7Ei9o/Gs0rsTuqAtyTrEoAdUe1Tq0zINTZSgOPNKHZDy','A','5539','2021-11-03 17:08:56',0),(76,'Rafael','Cendon','04489639570','rafaelcendon@nhc.com.br','$2y$10$8JFiIkHw/fBHpJDvTZx6De1haA3bNR8CmN4eVPlanTUSaZjIeni8O','D','5231','2021-11-05 17:01:33',0),(77,'Pronto','Atendimento','00853210446','prontoatendimento@nhc.com.br','$2y$10$Pvgl6BiMKIoYUiSeteszsuJlRTP6vXEpLvMGMvq27Reh3RkrwthUS','A','1234','2021-11-09 12:47:00',0),(78,'Geissuanny','Gabrielly','01759784419','geissuannygabrielly13@gmail.com','$2y$10$2zZ98jIwNyjelkLU7J/6Y.2Anto2TTGq/qHSVDS2qVp.ZZgUUEyc.','A','','2021-11-09 12:47:00',0),(79,'Ana','Clara','06439401467','clara769.ac@gmail.com','$2y$10$efiKd6mV/oaAhNqTQIOtbuUbtbDOUNedB95VBR41xgs8XkebtwKk.','A','4091','2021-11-09 12:47:00',0),(80,'Michele','Souza','09280457497','michelesouza@nhc.com.br','$2y$10$dM.l.ywYUftrqORtyLkdOuPeHx5WzodRjfYTyAQtuDtjwQBy3eWHu','A','','2021-11-09 12:47:00',0),(81,'Nara','Beatriz','70480335419','naraeaj23@gmail.com','$2y$10$dM.l.ywYUftrqORtyLkdOuPeHx5WzodRjfYTyAQtuDtjwQBy3eWHu','I','5484','2021-11-09 12:47:00',0),(82,'Daniel','Brayan','01797227432','danielbrayandbm@gmail.com','$2y$10$dM.l.ywYUftrqORtyLkdOuPeHx5WzodRjfYTyAQtuDtjwQBy3eWHu','A','','2021-11-09 12:47:00',0),(83,'Julia','Beatriz','71058003488','juliabeatriz1928@hotmail.com','$2y$10$dM.l.ywYUftrqORtyLkdOuPeHx5WzodRjfYTyAQtuDtjwQBy3eWHu','A','5483','2021-11-09 12:47:00',0),(84,'Francisca','Adriana','02600119400','adrianacustodio@nhc.com.br','$2y$10$iyFQg0GvHCAjv7UDW6iYB.bvDvGHOsmCiU5oDlGkAxMGuqKJbD6Mu','A','775','2021-11-10 11:21:00',0),(85,'Brenda','Araujo','07392324446','brendaaraujo071216@gmail.com','$2y$10$efiKd6mV/oaAhNqTQIOtbuUbtbDOUNedB95VBR41xgs8XkebtwKk.','A','','2021-11-10 11:21:00',0),(86,'Danielle','Dilliany','07301872410','danielle7bio@gmail.com','$2y$10$dM.l.ywYUftrqORtyLkdOuPeHx5WzodRjfYTyAQtuDtjwQBy3eWHu','A','','2021-11-11 11:49:00',0),(87,'Maria','Danila','07457389407','mariadanila_dada@hotmail.com','$2y$10$XSmP01EUhvZVJ0VGWexwMu749GNn11Tk3i9H8qNnC.GbRk1DT9xka','A','5488','2021-11-18 11:25:00',1),(88,'Edmilson','Barbosa','06340556400','edmilson.barbosa0@gmail.com','$2y$10$nNAeVPpET5AL8W0przUMG.0H1W49Imhi3rx2l2h5K8AocT5uPOjo6','I',NULL,'2021-11-18 11:38:00',0),(89,'Sayonara','Martins','---','sayonaramartins01@gmail.com','$2y$10$XSmP01EUhvZVJ0VGWexwMu749GNn11Tk3i9H8qNnC.GbRk1DT9xka','A','5487','2021-11-29 11:42:00',1),(90,'Adriana','Nobre','---','adriananobre@nhc.com.br','$2y$10$efiKd6mV/oaAhNqTQIOtbuUbtbDOUNedB95VBR41xgs8XkebtwKk.','A','3062','2021-11-30 13:16:00',0),(91,'Luana','Deyse','08098289443','lulufofinha2006@gmail.com','$2y$10$w0QRtU6x1lpZwk79Rd0ZEeCS9K8rviKVKYhaCo/fGsogaPyDp/cb2','A',NULL,'2021-11-30 14:52:00',0),(92,'Olga','Elis','93735960472','ollgaellis@gmail.com','$2y$10$.4qycVObOr81l7Hdtjisp.52eZCQ6slq6NoYXVcuJD8ZS/dRxnNWa','A','5505','2021-11-30 15:06:00',0),(93,'Tallita','Bryanna','06734015459','Tallitagu@hotmail.com','$2y$10$XSmP01EUhvZVJ0VGWexwMu749GNn11Tk3i9H8qNnC.GbRk1DT9xka','A','5657','2021-11-30 15:07:00',1),(94,'Ana','Flavia','03397391423','anaflaviaaguiar@gmail.com','$2y$10$efiKd6mV/oaAhNqTQIOtbuUbtbDOUNedB95VBR41xgs8XkebtwKk.','A','5698','2021-11-30 15:08:00',0),(95,'Edcrys','Silva','05297541425','edcrysunp@gmail.com','$2y$10$XSmP01EUhvZVJ0VGWexwMu749GNn11Tk3i9H8qNnC.GbRk1DT9xka','A','5222','2021-11-30 15:09:00',1),(96,'Tallyta','Daniele','99635321104','tallytinhaf@outlook.com ','$2y$10$3EPreR0BvikTC6MgdrNYTe7i6zt7lW0ZHDhMkS6fJkG7T/F.nZhSW','A','5503','2021-11-30 15:10:00',0),(97,'Beatriz','Medeiros','05981710454','beatrizm.macedo@hotmail.com','$2y$10$efiKd6mV/oaAhNqTQIOtbuUbtbDOUNedB95VBR41xgs8XkebtwKk.','A','5674','2021-11-30 15:10:00',0),(98,'Débora','Cecília','09806254406','Deboracecilia2@hotmail.com','$2y$10$XSmP01EUhvZVJ0VGWexwMu749GNn11Tk3i9H8qNnC.GbRk1DT9xka','A','5512','2021-11-30 15:11:00',1),(99,'Krisnayanne','Santos','09576464455','Krisnayannesantos@yahoo.com.br','$2y$10$XSmP01EUhvZVJ0VGWexwMu749GNn11Tk3i9H8qNnC.GbRk1DT9xka','A','5579','2021-11-30 15:11:00',1),(100,'Brenda','Ariel','70292505400','breendhaap@hotmail.com','$2y$10$tXRisgjXYEiRV/x4WNVdf.vBXTX0Wb6ROVGObJpZeoh8/jKO5T0qy','A','5583','2021-11-30 15:12:00',0),(101,'Elizabeth','Costa','04786352497','eliza.costa30@gmail.com','$2y$10$XSmP01EUhvZVJ0VGWexwMu749GNn11Tk3i9H8qNnC.GbRk1DT9xka','I','5576','2021-11-30 15:13:00',1),(102,'Walkiria','Oliveira','06933756475','walkiria_lima20@hotmail.com','$2y$10$XSmP01EUhvZVJ0VGWexwMu749GNn11Tk3i9H8qNnC.GbRk1DT9xka','A','5504','2021-11-30 15:15:00',1),(103,'Juliana','Karina','01221875477','jkmelorn@gmail.com','$2y$10$XSmP01EUhvZVJ0VGWexwMu749GNn11Tk3i9H8qNnC.GbRk1DT9xka','A','5519','2021-11-30 15:16:00',1),(104,'Priscilla','Zuza','06570610422','priscillazuza@gmail.com','$2y$10$XSmP01EUhvZVJ0VGWexwMu749GNn11Tk3i9H8qNnC.GbRk1DT9xka','A','5509','2021-11-30 15:17:00',1),(105,'Thamyres','Alany','06563284442','thamyrescampelo@nhc.com.br','$2y$10$XSmP01EUhvZVJ0VGWexwMu749GNn11Tk3i9H8qNnC.GbRk1DT9xka','A','4718','2021-11-30 15:18:00',1),(106,'Wederson','Pedro','07812465470','wedersonpedro3@gmail.com','$2y$10$lKwUh4MiH9pyFbdenO3.e.DW1b3zMYq0TLsgBPYdedQdvTUBqWbEq','A','5656','2021-11-30 15:38:00',0),(107,'Brenda','Helen','01729614400','Brendahelenb@hotmail.com','$2y$10$VsBhGeVB9jhdRwPNitNKCuJz9tGVXhQ7CCVWbD9NOIG5mB1myHAMe','A','5534','2021-11-30 15:38:00',0),(108,'Valeska','Galdino','08182109400','valeska.galdino@gmail.com','$2y$10$XSmP01EUhvZVJ0VGWexwMu749GNn11Tk3i9H8qNnC.GbRk1DT9xka','A','5510','2021-11-30 15:39:00',1),(109,'Hillana','Samanda','05598784432','hillana_samanda@hotmail.com','$2y$10$tpXRtvmT2nDP5lQTinj/QuWpmWFNpeg7G21AzBs11R.aPAkKHzxfu','A','5658','2021-11-30 15:40:00',0),(110,'Hayssa','Oliveira','09014583419','hayssaellainy@gmail.com','$2y$10$g2jePAb8oP0Zq8qs1oj/Lu.mxvY8dvXsla9QyIScAAvNorjlIJxQ6','A','4756','2021-11-30 15:45:00',0),(111,'Maria','Marinah','09190966465','marinah.enfer@hotmail.com','$2y$10$XSmP01EUhvZVJ0VGWexwMu749GNn11Tk3i9H8qNnC.GbRk1DT9xka','A','5523','2021-11-30 15:46:00',1),(112,'Priscilla','Freitas','12277269700','priscillaenf196@gmail.com','$2y$10$qdHjk3vZV6sejXNeulFghOOgPuJ39cpEX5j.bBxXWIxRVNyA8cHGi','A','5574','2021-11-30 15:48:00',0),(113,'hjpb@gmail.com','hjpb@gmail.com','---','hjpb@gmail.com','$2y$10$XSmP01EUhvZVJ0VGWexwMu749GNn11Tk3i9H8qNnC.GbRk1DT9xka','A','5514','2021-11-30 15:48:00',1),(114,'Gabriely','Fernandes','01814386408','gabysantosff@gmail.com','$2y$10$qmS50HDiVAxdAjTXE6yt8.nB3h3owrLO2QcKjjp1Rqmwsz4bhkgqG','A',NULL,'2021-12-01 17:26:00',0),(115,'Andreia','Paiva','03804274439','andreiapaiva-andreiapaiva@hotmail.com','$2y$10$XSmP01EUhvZVJ0VGWexwMu749GNn11Tk3i9H8qNnC.GbRk1DT9xka','A','5577','2021-12-02 11:45:00',1),(116,'Ana','Mayara','09834326432','ana.mayara@yahoo.com.br','$2y$10$efiKd6mV/oaAhNqTQIOtbuUbtbDOUNedB95VBR41xgs8XkebtwKk.','A','5536','2021-12-02 12:28:00',0),(117,'Luiz','Roberto','44095201304','luizroberto@hospitalriogrande.com.br','$2y$10$XSmP01EUhvZVJ0VGWexwMu749GNn11Tk3i9H8qNnC.GbRk1DT9xka','A',NULL,'2021-12-03 11:23:00',0),(118,'Kaline','da Silva','06040201479','kalinecruzejunior@gmail.com','$2y$10$XSmP01EUhvZVJ0VGWexwMu749GNn11Tk3i9H8qNnC.GbRk1DT9xka','A','4694','2021-12-03 11:59:00',1),(120,'Antonio','Linhares','---','Antoniolinhares@hospitalriogrande.com.br','$2y$10$YyrjK4Kw44VT3RGzCM/69OlLujKawrP5OzyhN.yWd/4t7mq3DzdNS','A',NULL,'2021-12-03 16:19:00',0),(121,'Adnelia','Queiroz','72301783472','adneliaqueiroz@nhc.com.br','$2y$10$CIKKWRLjYjPmFcoWhRe4EeYVEfIW7uDd5ggZRbaVYvfUBesk6Vykq','A','4994','2021-12-06 14:42:53',0),(122,'Tenille','Capuxu','01261251474','tenillemedieros@enf.nch.com.br','$2y$10$JHJ8H30/W4dJzm9y5XS0ouDCfIdFp8m7NHFGSx8XnPr8Kw/vVpnje','A','2561','2021-12-06 16:54:00',0),(123,'Michele','Mendonça','01242641408','michelllems@hotmail.com','$2y$10$XSmP01EUhvZVJ0VGWexwMu749GNn11Tk3i9H8qNnC.GbRk1DT9xka','A','1702','2021-12-07 14:09:00',1),(124,'Isabelle','Maria','05744301488','bele_olivier@hotmail.com','$2y$10$XSmP01EUhvZVJ0VGWexwMu749GNn11Tk3i9H8qNnC.GbRk1DT9xka','A','5566','2021-12-07 14:22:00',1),(125,'Geiziane','Cardoso','10799163422','geizianecardoso@nhc.com.br','$2y$10$UGUKnU688G5La/FtYOTT0eA/9aO8SNRbTiqy42xbtnqF6cSMdx23C','A','5710','2021-12-07 18:46:00',0),(126,'Daniel','Oliveira','03553756489','danvared@yahoo.com.br','$2y$10$XSmP01EUhvZVJ0VGWexwMu749GNn11Tk3i9H8qNnC.GbRk1DT9xka','A','5465','2021-12-08 11:45:00',1),(127,'Vanessa','Karen','01696897432','Vanessa_karen2@hotmail.com','$2y$10$XSmP01EUhvZVJ0VGWexwMu749GNn11Tk3i9H8qNnC.GbRk1DT9xka','A','5228','2021-12-08 11:57:00',1),(128,'Adriana','Peres','00953749495','enfaperes@hotmail.com','$2y$10$XSmP01EUhvZVJ0VGWexwMu749GNn11Tk3i9H8qNnC.GbRk1DT9xka','A','3099','2021-12-08 12:00:00',1),(129,'Luciana','Lays','07021735413','lucianalrolim@hotmail.com','$2y$10$XSmP01EUhvZVJ0VGWexwMu749GNn11Tk3i9H8qNnC.GbRk1DT9xka','A','5506','2021-12-08 12:10:00',1),(130,'Sandra','Jaqueline','77909011415','sandra.jaqueline2015@hotmail.com','$2y$10$XSmP01EUhvZVJ0VGWexwMu749GNn11Tk3i9H8qNnC.GbRk1DT9xka','A','5514','2021-12-08 12:12:00',1),(131,'Mayza','Glycia','05214365403','mayzamedeiros@hotmail.com','$2y$10$XSmP01EUhvZVJ0VGWexwMu749GNn11Tk3i9H8qNnC.GbRk1DT9xka','A','5508','2021-12-08 12:12:00',1),(132,'Fernanda','Michele','01071116401','quirino.fernanda@outlook.com','$2y$10$XSmP01EUhvZVJ0VGWexwMu749GNn11Tk3i9H8qNnC.GbRk1DT9xka','A','5513','2021-12-08 12:17:00',1),(133,'Amanda','Souza','05527668448','amandamenezes-enf@hotmail.com','$2y$10$XSmP01EUhvZVJ0VGWexwMu749GNn11Tk3i9H8qNnC.GbRk1DT9xka','A','5535','2021-12-08 12:20:00',1),(134,'Simone','Pereira','04869020483','simonenxt@hotmail.com','$2y$10$XSmP01EUhvZVJ0VGWexwMu749GNn11Tk3i9H8qNnC.GbRk1DT9xka','A','4234','2021-12-08 12:23:00',1),(135,'Juliana','Myrthes','08705642426','julyana.myrthes@hotmail.com','$2y$10$XSmP01EUhvZVJ0VGWexwMu749GNn11Tk3i9H8qNnC.GbRk1DT9xka','A','4234','2021-12-08 12:26:00',1),(136,'Thaynara','Torquato','10587832460','thaynaratorquato@gmail.com','$2y$10$XSmP01EUhvZVJ0VGWexwMu749GNn11Tk3i9H8qNnC.GbRk1DT9xka','A','5511','2021-12-08 12:29:00',1),(137,'Eliemara','Patrícia','01414438478','enfermeira.eliemara@gmail.com','$2y$10$XSmP01EUhvZVJ0VGWexwMu749GNn11Tk3i9H8qNnC.GbRk1DT9xka','A',NULL,'2021-12-08 18:00:00',1),(138,'Roseli','Rocha','01803966416','roselirocha@nhc.com.br','$2y$10$XSmP01EUhvZVJ0VGWexwMu749GNn11Tk3i9H8qNnC.GbRk1DT9xka','A','5480','2021-12-09 14:11:00',1),(139,'Deyvid','Richelli','05088865465','richel_li@hotmail.com','$2y$10$XSmP01EUhvZVJ0VGWexwMu749GNn11Tk3i9H8qNnC.GbRk1DT9xka','A',NULL,'2021-12-14 11:38:00',1),(140,'Maria','Gerlsnia','---','mariaaraujo@nhc.com.br','$2y$10$XSmP01EUhvZVJ0VGWexwMu749GNn11Tk3i9H8qNnC.GbRk1DT9xka','A','4390','2021-12-14 11:42:00',1),(141,'Sabrina','Daiane','---','sabrinasarmento@nhc.com.br','$2y$10$XSmP01EUhvZVJ0VGWexwMu749GNn11Tk3i9H8qNnC.GbRk1DT9xka','A','4877','2021-12-14 11:44:00',1),(142,'Valquiria','Costa','---','hemodinamica@incornatal.com.br','$2y$10$XSmP01EUhvZVJ0VGWexwMu749GNn11Tk3i9H8qNnC.GbRk1DT9xka','A',NULL,'2021-12-14 11:46:00',1),(143,'Rebecca','Barros','42962089852','rebeccabarros09@gmail.com','$2y$10$krJQN1WdEhHYtyEUaALNJOydd/.xVb3vZR3Y2WBKEfPdH9SbSNiTS','D','5695','2021-12-15 12:23:00',0),(144,'Hanna','Soares','01729875475','hanna.soares.2816@gmail.com','$2y$10$XSmP01EUhvZVJ0VGWexwMu749GNn11Tk3i9H8qNnC.GbRk1DT9xka','A','5588','2021-12-15 17:05:00',1),(145,'Diego','Vilela','05036889673','diegovisa@hotmail.com','$2y$10$XSmP01EUhvZVJ0VGWexwMu749GNn11Tk3i9H8qNnC.GbRk1DT9xka','A',NULL,'2021-12-17 12:57:00',1),(146,'Annick','Carvalho','48156728491','annickcarvalho@nhc.com.br','$2y$10$XSmP01EUhvZVJ0VGWexwMu749GNn11Tk3i9H8qNnC.GbRk1DT9xka','A','2153','2021-12-17 13:16:00',1),(148,'Tenille','Capuxu','---','tenillemedeiros@enf.nhc.com.br','$2y$10$DvFnxuR/x1aQSjEgttgS6Os2K1HSDo9TEdg2Rsg8HdWW.0EGrZ0sK','A',NULL,'2022-01-26 13:52:00',1),(149,'Renata','Moreira','---','renataluduvico@nhc.com.br','$2y$10$VeXD722CPNtPLx3/gcqVteU/3ZWpTg2dMiLBIR4I3XJyugHgUOtlC','A',NULL,'2022-01-26 13:53:12',1),(150,'Polyana','Lorena','---','polyanalorena89@gmail.com','$2y$10$/ODdlIxl8ojiwJV.IoeEc.IlPDfJZM8OGqlqHcxo1kZn87wJnxZ/.','A',NULL,'2022-01-26 13:54:37',1),(151,'Maria','Priscila','---','mariapriscila15enf@gmail.com','$2y$10$1bqCdzNFTUSmQ0xq09SgNuEAYeflvJm/IHCj/wnnNUHniq.rLJIXy','A',NULL,'2022-01-26 13:55:40',1),(152,'Esley','Henri','10053515463','esleylima@hospitalriogrande.com.br','$2y$10$3Idwfs5I1eETtNYDqenSIesK30VVqKPAB8GMJvYTBs4kVw1QQ11Pa','A','2940','2022-01-31 13:16:00',0),(153,'Samara','Mendes','06731231380','samaramendes@nhc.com.br','$2y$10$3Idwfs5I1eETtNYDqenSIesK30VVqKPAB8GMJvYTBs4kVw1QQ11Pa','A','5747','2022-02-10 12:22:00',1),(154,'Anna','Larissa','08061330407','annalarissaoliva@nhc.com.br','$2y$10$eTO65L2oP/fV.0xGpYa.cea6p8JLD0bkow2rECCMjY56aqy05WhzG','A',NULL,'2022-03-07 14:49:18',0),(155,'Leandro','Cascudo','05613596441','processos@hospitalriogrande.com.br','$2y$10$eZsW6cC6nYZSBJkE3uOg1enPFPeXPSep6Nv1/JeJGxi9VNY2sSClu','A',NULL,'2022-03-08 16:32:51',0),(156,'Dante','Iacovone','01040644805','danteiacovone@gmail.com','$2y$10$sNPDqsBXJQHA4kJNKoE/RuRYxDTHROKL4JmRB98TbZ09Cq1cjO1gi','A',NULL,'2022-03-08 16:40:16',0),(157,'Andressa','Fernanda','08184282443','andressafernanda@hospitalriogrande.com.br','$2y$10$Au3XOMEdvP.G2t8R4GH9E.sFbiTWqHvcw58YBe4uVvEfBfUO1QsTy','A',NULL,'2022-03-11 14:17:16',0),(162,'Usuário','Teste','---','teste@hospitalriogrande.com.br','$2y$10$QOezy7tGaYplVsJKEwfLyetAuSafyOvnOd5Pw8O6AU0qrfb72QUGG','A',NULL,'2022-03-23 13:48:00',0),(164,'Laboratório','Paulo Gurgel','59585315491','laboratorio@paulogurgel.com.br','$2y$10$abcO6toDyDCWe8dX0Jn8l.aJxzWbTjbe.1VKb2XGFkydS8iu/DTLq','A',NULL,'2022-03-30 16:40:10',0),(165,'Gabriel','Pereira','70048110426','gabrielcp4@outlook.com','$2y$10$4jbgHxt/yqY5U1EvYiOsCuUAeBRid6g31gIC3dJlPxBVslEWF2xB2','D','5859','2022-04-13 12:53:40',0),(166,'Gabriella','Moraes','01176365410','gabriellamoraes@hospitalriogrande.com.br','$2y$10$AeFQDeWwVlQr9zM5xfk49.IT4Bdo52DMl2qBloo8B/.OVzMmuZWQ2','A',NULL,'2022-04-13 13:28:23',0),(167,'Deocleciano','Almeida','01360606416','almeida.maia@auditoreseconsultores.com.br','$2y$10$OjgtlKNjsOz1LO5syCitNucTwqsi7l7kU1PiHR.kaK3SZGcVDn1pO','A',NULL,'2022-05-06 13:57:12',0),(168,'Manoella','Cardoso','22693740886','manoellacardoso@hospitalriogrande.com.br','$2y$10$a3kxtGl2EGG4lrRNMpsm7eXh6ecDYEUo96L91d18YkJtG7ILO8p/K','A',NULL,'2022-05-10 15:07:23',0),(169,'Larissa','Dantas','02971604438','larissadantas@hospitalriogrande.com.br','$2y$10$EvBSZD2Rb4CACTzedtq8NusEO8ezNCIopI6LdnikVd3YldroBPrtS','A',NULL,'2022-05-10 15:10:25',1),(170,'Solange','Moreira','08650777465','solangemoreira@hospitalriogrande.com.br','$2y$10$Ta9ky0iwqQ1iCZCW5Gxct.sITHhyhJWI2vnkMWYIHjEiAdwZsClcy','A',NULL,'2022-05-12 12:45:48',0),(171,'Jessica','Gerbelli','42086412827','jessicagerbelli@nhc.com.br','$2y$10$nuyfKcQGidGmN0/tMDjs8umOiWqRfVaxpZG3zVdq.9nxgpGPjx6Ca','A',NULL,'2022-06-15 12:14:05',0),(172,'Cristiane','Fernandes','59559560425','cristianeneves@hospitalriogrande.com.br','$2y$10$MfsrSzPqsnbt.6uqDGYC5eVyLODlJdhx3PjZeoY4eSwTZEirXU1Gm','A',NULL,'2022-06-15 13:20:34',0),(173,'Arlane','Pereira','05161463430','arlanepereira@nhc.com.br','$2y$10$dmAdXtdzKTco4JlSWWUyXeSjjQvNU2oPjFRx9Ft7hwWSVFH/0nSUe','A','0001','2022-06-17 17:59:39',0),(178,'Rosangela','Pinheiro','14380072487','rosangela1719rn@hotmail.com','$2y$10$dc45Bz2miQSeZcycR9kz3OZWIWCcG3anrKg18/O5GAK0LyNOdptz6','A',NULL,'2022-06-21 12:30:32',0),(179,'Ailton','Filho','94658269015','ailtonxdz@gmail.com','$2y$10$3M4wbRFhQ3Z13eWSwW61r.alLGnTViz5ybLMunPO7HV9TxFo/2J.O','D','5900','2022-08-11 17:16:55',0),(180,'Rachel Ramalio','Dantas Fonseca','91424909449','dfsrachel@gmail.com','$2y$10$nX5w5gcPljMGENWkR5tPx.A.tWk5a92VVb9U5zbni/fN/Fh/qz8Hy','A',NULL,'2022-08-15 12:14:44',0),(181,'Setor','Teste','43212966092','matheus.amaral.017@ufrn.edu.br','$2y$10$LJkHouJvgK0j2jtNxK65EO018UHQ031vrg5QlN.B5UY4RZqqCsUey','A',NULL,'2022-08-22 18:45:32',0),(182,'Victor','Freitas','10879736437','victormacedo@nhc.com.br','$2y$10$goKdx2kTcqDgYSssIt0o7.ah2jAwZxtXnVTHY4nrs0r2h2BATuR/O','A','5379','2022-09-15 12:30:31',0),(183,'Matheus','Amaral','29377285453','matheusaugusto@nhc.com.br','$2y$10$FLJgRk/3tBWCXKyCu/lhEeSMLRuKAjDw0fbkmeNhgA9dgVEj3AnXm','A','6069','2022-09-15 12:51:37',0),(184,'Amanda','Leal','70207967458','amandaleal@nhc.com.br','$2y$10$8iFsMv2dn4IrME7BMgFP/.gsrEjlekUxHzx4tobuz8rWQUhViuLnC','D','5384','2022-09-21 18:25:30',1),(185,'JEFFERSON','LOPES','06262132406','jeffersonlopes@hospitalriogrande.com.br','$2y$10$Zrznpqy6pLnkLOL.rhdv8uRfcoHyFVxptDZTrcVwxBKUH/WIt87FC','A','5802','2022-12-23 19:04:13',0),(186,'Chico','Bento','70048110426','semcutuvelo@outlook.com','$2y$10$QVL/3kUW9tlIaaVa0XIym.0hgpPGFe09zCTFf.QOGz1XhCs1CicKq','A',NULL,'2023-01-02 12:32:34',1),(187,'Pedro','Nelson','30535072007','soloestudos@gmail.com','$2y$10$Dc90xCB/k9itAYJQ5j.xcOwBMX2gb/IVokUwf70UDaUnFhBITAFUC','A',NULL,'2023-03-22 10:28:02',0),(188,'Sérgio','Dantas','01710913452','sergiojr9834@gmail.com','$2y$10$sLwAaJPhwD9Re1zu9QqsauBFN/j7ItUsa3R1tG1NOHkBsyp8PNi4K','A','6259','2023-03-23 18:47:49',0),(189,'Hélio','Filho','13190532460','helioosilvafilho@gmail.com','$2y$10$b0vk3SjCoQqnzWREtq7GdetMBw7Qo2sD1vKCcc8MEBLQtqfN20hke','A','6258','2023-03-23 18:49:26',0),(190,'Vitor','Toscano','05432429438','vitortoscano@hospitalriogrande.com.br','$2y$10$MMI.OeQSZ5Y4i.oPfJsHzuro8Odlxr631FDBwTBsWXsUXpdmJl9Oa','A',NULL,'2023-08-16 12:45:01',0),(191,'DAVID','GABRIEL','70671565486','davidaraujo@hospitalriogrande.com.br','$2y$10$nV4dAmxW85FDjhhhD0MZ/eEyapJQs/fJq1RGTnM7apvOc3vy8mlEW','A','6180','2023-08-30 11:15:56',0),(192,'Paulo','Victor','01722405490','paulo1victor12016@gmail.com','$2y$10$/1uvWjKBe2kFGScOjY.nueHfVTWdo.FQxohEk3cBe1Cs6QgglpmJ6','D','6387','2023-09-14 16:28:25',0),(193,'Alexandre','Rodrigues','13137079705','alexandrerodrigues@nhc.com.br','$2y$10$qYUgchXpa0rDYi0YC5dnl.QJGICDz1HTBJy2lsl6MlK6uPe.40SUC','A','5443','2023-11-08 19:01:06',0),(194,'Chagas','Júnior','03326143443','franciscosilva@nhc.com.br','$2y$10$RwqjFBnQ66IBj9z9hzuWWeDXNhygoL28h4pUD6WjQ1AmDUlcgi962','A','4893','2023-11-08 19:03:28',0),(195,'Victor','Matheus','07203108490','victormatheus@hospitalriogrande.com.br','$2y$10$CWl4tfqVyKrdJJwAGOhkmOWMYhLeNsga5W7TqcIVMIH0nzF49CbYe','A','000012345','2023-11-09 18:27:16',0),(196,'Lucas Enésio','Barreto','71145280439','lucasbarreto@hospitalriogrande.com.br','$2y$10$WpDySNyjGMEHVpQvV6CU0uz54s.z5rtcROYOlnCxBtwTBdmeuNNKa','A','5871','2023-11-28 14:26:06',0),(197,'Kathiane','Souza','07236453455','kathianesouza@nhc.com.br','$2y$10$mVrcUZRbdF6iJZ.rJqCR6.zoG8k7Kp6fJJIM/z/kNXaOLAw3Gjriy','A','4179','2023-11-28 14:28:13',1),(198,'Diego','Cavalho','08302004448','diegocarvalho@hospitalriogrande.com.br','$2y$10$fbUS6PxdycscrBw3oij9yu7vgWz3dpfhJywOvrXiF8yPoOM30obgC','A','2523','2023-12-08 14:32:31',0),(199,'Farmacia','HRG','---','farmcia@nhc.com.br','$2y$10$VZ0GZL.kk/5xhe73ufDsD.kEdgXxb.3uiDdJMr/jI037p6DBk5uSq','A','2562','2023-12-08 14:44:19',1),(200,'João','Lennon','08254533482','joaolennonvm2017@gmail.com','$2y$10$cDHR.uRqb1gg8UieHKH8VusD2tq/KidoDV51AkExePVZTRilmDZGq','A','2827','2023-12-18 19:45:26',1),(201,'Elias','Gomes','08252234402','eliasgomes@hospitalriogrande.com.br','$2y$10$OLYfeML57SimQ29CxWFQnOjVLQYlR1UJ7eLOLinD41xXk7ryVL6M6','A','2923','2023-12-19 17:56:00',0),(202,'Tânia','Mara','49071165272','taniagovei@hotmail.com','$2y$10$GTs9zHXFPlloDw0rCzlk/O.lwo07Q6LWKCPNwZwuKRRJnktYVtTfq','A','6356','2023-12-19 19:44:46',1),(203,'Udiceli','Mafra','01376910411','mafraudiceli@gmail.com','$2y$10$jnu2wxz1FZdW6AeX6LSrcepjron5Ie8yoK9TAr/Ai75OTcdTYcYCC','A','0002','2023-12-19 19:45:46',1),(204,'Adriana','de Miranda','02952385424','adriana.bezerra77@hotmail.com','$2y$10$MPncwpQuykfOw0/XmSnXJePSIgSXvDo588GtLt8LEFLZb9bca85Xm','A','5497','2023-12-19 19:46:23',1),(205,'Paula','Alessandra','03738816496','aleejulio@hotmail.com','$2y$10$Zu3WpWBbVUl3h5RQDnYHC.jGeDraIZKoyRxr3yctc2kolWz1PtnJS','A','6349','2023-12-19 19:47:01',1),(206,'João','Alexandre','12421439477','alexandresiilva2468@gmail.com','$2y$10$nvQoJvGNgrlY.wV78OZvAOOgrYq2rDST7oKO6HNyJtfziymFPzysW','A','0005','2023-12-19 19:47:41',1),(207,'Andressa','Ribeiro','10984363424','dressarf5@gmail.com','$2y$10$rEOu0r8YvsSIzZlV162z/uqGMvYYzu/1Wo0n9xCw7.j1lPba5StrS','A','0006','2023-12-19 19:48:22',0),(208,'Fabiana','Ferreira','00837720494','fabianafsilva1979@gmail.com','$2y$10$FEgd6LRRDy8r/Q2jgXQUX.iMcJeZ0g/de.//WLNnUk1ao7rdQheUO','A','653','2023-12-19 19:49:06',1),(209,'Emanuel','Marinho','01742460488','emanuelpereira@hospitalriogrande.com.br','$2y$10$do74z0cKP6qZdieCHZTgS.xL.1gddvc9V7cIog2sOT0WdBfklB.jm','A','6400','2024-01-08 17:30:35',0),(210,'Sabrina','Andrade','09467160480','sabrinacosta@nhc.com.br','$2y$10$U7zDM2KT56lhnLpOiIh.WeVKS63TWDfC9xik5pELw.ecqh7D1wQwW','A',NULL,'2024-01-08 17:35:43',1),(211,'Ana Kaline Moura','Bezerra de Assis','07357641406','anakaline@nhc.com.br','$2y$10$fql4h95ftPvteGAIQOltf.GuHwoVwaMy69JxiWliebQsUxw0tmc9C','A',NULL,'2024-01-08 17:37:15',0),(212,'Wendel Izac','Souza da Silva','06145776404','wendelizac@nhc.com.br','$2y$10$K4EMB4aFJfPBDsZR3O8tPuOBLCwH/i8iun56BUY2OLZ3ep7f4nUBa','A','5081','2024-01-11 10:55:44',0),(213,'Raul Vinicius','Régis da Silva','10754306402','raulvinicius@nhc.com.br','$2y$10$Bbz44vHYwYOyfhygRFnE..KMVFSAgv623tPmjkaHvY.dQvEYrYic2','A','6425','2024-01-11 11:42:13',0),(214,'Eduardo','Furtado','06722863433','eduardofurtado@hospitalriogrande.com.br','$2y$10$gYw3gclb5S84a.VtL4f.yeS3E/q/YLIdNb/Lo4lH/r0xYVlO96pUy','A','5372','2024-01-16 17:21:08',0),(215,'Gabriel (usuario inativo)','Souza','71433736489','gabrielsouza@nhc.com.br','$2y$10$UanndSCHqz33e3Qok.JbiuqGh8Z2Xx0XzLyYKiN6HJEsrJBmuKdBC','A','6617','2024-01-24 12:08:49',0),(216,'Gabriela','Machado da Silva','02505164460','gabrielasilva@hospitalriogrande.com.br','$2y$10$MGToeQDpPrmSgrxPDMeypevYZeGStyJAgzOpHQkpqfTCbiHDWHQ4S','A','2727','2024-02-02 18:36:20',1),(217,'Macelia','Pinheiro Ferreira','70078732433','maceliapinheiro@hospitalriogrande.com.br','$2y$10$7lA3WyShHsz2bwWuEjt5/u1prww2DqlC9sXTedtjPRcI79J19wWUC','A','6158','2024-02-02 18:39:57',0),(218,'Kalyne','Oliveira da Silva','01826556443','kakaoliveira429@gmail.com','$2y$10$D392Q4eVyVym229tESw38OHB.gv2K7u9DL/nnOgE7gheEt.9X3.mC','A','5740','2024-02-02 18:45:13',0),(219,'Gleydson Ramon','da Silva','06574586437','gleydson.ramonsilva@gmail.com','$2y$10$Cz5nOLIC2OBQ9CnJ//it.e.D5ClijlYFkiMfrPJ5V6hTIHFRHDAEC','A','5182','2024-02-02 18:47:17',1),(220,'Valnicelene Mauricio','Santos','05236229456','leninhasantos656@gmail.com','$2y$10$gXgYVvD605x5BN3uGiDcl.G3Kp4e82A5/7hgamIMsBKkUkuGM.0R2','A','6554','2024-02-02 19:00:11',0),(221,'Yago','Oliveira da Silva','12010311418','oyago735@gmail.com','$2y$10$rKn2A4dm5.PUR.lqYgHAL.AFoYMvceowl4IhaDY8lrrfdwdEAya0e','A','6553','2024-02-02 19:06:18',0),(222,'Lidiana','Silva de Arruda Santos','06160952447','lydy88arruda@gmail.com','$2y$10$bMfYoKEmyK/yYB3PqMGWZ.cNnF/JMcH3zhFRRlbJ7LOcyJbNdcaom','A','6348','2024-02-02 19:08:53',0),(223,'Itaelson','Ribeiro da Silva','06681448402','itaa.silva88@gmail.com','$2y$10$u4oxJYjSpOh66mp6k0rC7.pwuk.QzaokUjUaUy6fFFcHEv1IeH7j2','A','5545','2024-02-02 19:14:10',1),(224,'João Thiago','Rodrigues de Moura','16890653467','joaothiagormoura@gmail.com','$2y$10$R3JWeQ026ABo80W1emWue.tYY8bhFB1hOz1/UCdlJjqWuPNItOPPa','A','6640','2024-02-23 12:07:14',0),(225,'CLAUDIA REGINA','SANTOS DE OLIVEIRA','05938230446','claudia.oliveira641@gmail.com','$2y$10$BitsHZ7ZlJWeGfOSt0pN5eye1snDetc8SGockaps445ZKD/rIwfNW','A',NULL,'2024-04-11 12:12:58',1),(226,'Lucimara','Layzes da Silva','06203153427','lucimara8825@gmail.com','$2y$10$GY/LOFYGlsGTaJLFlL0wbux.B91vHhacBYV5GyRSC2EHLDLdehPT.','A',NULL,'2024-04-11 14:44:41',0),(227,'RENATA NAYARA','BARBOSA DE OLIVEIRA','11408797402','renata.girlnaiara@gmail.com','$2y$10$e7h14fjcoZqskeBV0xEA5.CEnOME4EAf9y/JY/nKhYLqv7jD/NIIC','A',NULL,'2024-04-11 14:47:53',0),(228,'Maria Vitoria','Rodrigues da Silva Pinheiro','13676194403','vitoriapinheiro775@gmail.com','$2y$10$4OUYL5/KOL8aAyzMMmHLyeTqIqnWat9qVXdQvnPGOMxB76gmck5xW','A','6666','2024-04-16 17:36:41',1),(229,'Radson','Andrade','78516145468','radsonandrade@hospitalriogrande.com.br','$2y$10$PnuacJkVHRblB79D7qwgGeRkA3H6yKfKGHuyzwtAW0GzE7v0cYjL6','A',NULL,'2024-05-09 19:05:06',1),(230,'Gilberta','Cunha','40941388468','gilbertabatista@hospitalriogrande.com.br','$2y$10$Zoz7k2BEtdP/LwGdvLc38.SiUNpcT94JJohHXMB.w/l2.X4LOGAsy','A',NULL,'2024-05-27 19:57:52',1),(231,'TESTE','TESTE','05031912308','davidgabriel200507@gmail.com','$2y$10$P5z7hn2eMlvRKD5FLagKpeWdQKgqXRDqtwa1NOIYComRy9xQdjUIK','D',NULL,'2024-05-28 10:41:15',1),(232,'Alessandro','Glauco','46678255534','alessandro.vasconcelos.md@hospitalriogrande.com.br','$2y$10$u64Cykw54g64nIwgAwyjMuFNAk1COR/VS2gVmjdfR4BW.nMDFwokS','A',NULL,'2024-06-07 17:34:47',1),(233,'Jayra','Conceição Cândido da Silva','05958275437','jayracandido@hospitalriogrande.com.br','$2y$10$sFQj7nb7xy7CeZlThCmbBORlc71XmIupx0M6xLnFyT0eEPWeuD8W6','A','6558','2024-06-11 16:28:27',0),(234,'Wilton Ricardo','Souza de Assis','07611436457','wiltonsouza@hospitalriogrande.com.br','$2y$10$GcO8/bAVWpU0TeL13.bzpOrTauNU97TqtVq5sza.fyxp8aA6Ofsma','A','6480','2024-06-11 16:30:56',1),(235,'Iuri','Paiva Rodrigues Bezerra','06949821484','iuribezerra@hospitalriogrande.com.br','$2y$10$EhPRIVS17oRmC6q8TFHYtecvHZJVxYl1bQFqlI4dPJV./u6eU1SnK','A','2998','2024-06-11 16:33:48',0),(236,'Gabriel','Mendes','000000000','ggomesmendes2004@gmail.com','$2y$10$nscLCPhYbx/VbvovXkg4xOgVBAsZ0FhbTsAVxGTn3t/vS65iepyD6','D','1111','2024-06-25 12:15:52',0),(237,'Roberto','Bettega','01833852419','robertobettega@hospitalriogrande.com.br','$2y$10$SQ4pbf/QZ7lKuo5S0Neuje6NoLXqTZ5dQfzrrAzbYp2t7wxiJwwCa','A','6747','2024-07-15 16:36:36',0),(238,'Maria Luisa','Matias','70708529402','marialuisa@hospitalriogrande.com.br','$2y$10$hB3S8645iKqGTvAGHa2Sbe6aa.aOYhr1aOtBpsDqnlZOXu2CejE6q','A','6759','2024-07-30 16:17:21',1),(239,'Bruna Nikoly','Gonçalves de Amorim','71025089480','brunagoncalves@hospitalriogrande.com.br','$2y$10$VVaboUpXHY2DKurNv6yF0ONHdfiNTnlFjQrBi4yH.1Ee9oYyrmo.G','A','6577','2024-07-30 16:24:00',1),(240,'Teste','TI','27251030020','vicmath64@gmail.com','$2y$10$O1a61.1uUvCA78MRAw6ptenwUCKQp6V8NK6Gad81fjYVqxtJq9z.G','D',NULL,'2024-07-30 16:27:41',1),(241,'Marcos','Hudson','13619528497','marcoshudson4321@gmail.com','$2y$10$ov9yc/7l63LL47cID3ISG.E5R/9S4Jx5CsfdZ4Nsy7oWBP/DB4qyy','A','6427','2024-07-30 18:25:00',1),(242,'Julia','Lauana','70202454479','julia.lauana@icloud.com','$2y$10$QziL/.hTWsjclTbwAe1Hku90GWuYXRioBm/Jrvd97.S9dac2jMeqq','A','6571','2024-07-30 18:28:01',1),(243,'Eloiza','Ferreira','11830324470','heloyzaferreira9@gmail.com','$2y$10$Q/wKH.FgUy.URv9FgoT0ZuPEzOukMJKyButp1tH94Fs9Uy9POyuXa','A','5133','2024-07-30 18:36:10',1),(244,'Jessica','Valeska','08812197469','jessicavaleska@hospitalriogrande.com.br','$2y$10$U9zxvz0KoBoi1m4fUDdmZ.vO2QitvTdTyQnJjZ40cb7MpF87U0kSq','A','4366','2024-07-30 19:10:36',0),(245,'Ana Leticia','Costa','71121772439','analeticiacosta@hospitalriogrande.com.br','$2y$10$64deCu86TsxaGIR73TBr8O6qbZIhwg606el0QkspuvbGWSPOxAVqi','A','6530','2024-07-30 19:11:22',1),(246,'Pedro','Henrique','12970016486','ph4261009@gmail.com','$2y$10$qHHuzBn1STw80p2idup7guaMHCtCPAYNWHt.wDn6U3Rr501mrTDqu','A','6667','2024-07-31 11:24:36',0),(247,'Sosigenes','de Oliveira Souza','80718213491','sosigenesoliveira@hospitalriogrande.com.br','$2y$10$NIw4u84BF91WYGL9IgBuluIF7OQJ2X.RUvqmTOxE.8gnnBombTfIi','A','2037','2024-09-03 14:19:39',0),(248,'Salome','Ribeiro da Silva','07442414486','salomers@hospitalriogrande.com.br','$2y$10$si7/5R2nsXx/O/O2DIJac.2Dfvsj6yDk2N0YySr2h72HA61mu3cjy','A','6604','2024-09-03 14:22:43',1),(249,'Maria Eliane','do Nascimento Cassiano','03689385490','mariaelianehrg@gmail.com','$2y$10$Ky10.yYt/.u6ov9Wb1eTMOV7/hq0pFguLFqY26pYj1Yjd1L9g/Gae','A','6442','2024-09-03 14:31:33',1),(250,'Usuário teste','TI','25830170043','victor.matheus.melo.072@ufrn.edu.br','$2y$10$o8pLGoq.K22HIyNJsx6YzOi.KNu.k8PUmjWMQ/qZzW9dl8rTl1xjS','A',NULL,'2024-09-03 14:34:47',0),(251,'Pedro','Nelson','06230837447','pn77427@gmail.com','$2y$10$w5HLd8sRVZV38Y89pzwCNueJ6OLJzSylalWR9Mgrxj5PNEKtu4j9.','A','6758','2024-09-05 18:58:33',0);
/*!40000 ALTER TABLE `usuario` ENABLE KEYS */;
UNLOCK TABLES;

--
-- Table structure for table `usuario_acesso`
--

DROP TABLE IF EXISTS `usuario_acesso`;
/*!40101 SET @saved_cs_client     = @@character_set_client */;
/*!50503 SET character_set_client = utf8mb4 */;
CREATE TABLE `usuario_acesso` (
  `id` int(11) NOT NULL AUTO_INCREMENT,
  `usuario_nome` varchar(100) NOT NULL,
  `usuario_cpf` varchar(11) DEFAULT NULL,
  `sistema` int(11) NOT NULL,
  `dthr_login` datetime NOT NULL,
  PRIMARY KEY (`id`)
) ENGINE=InnoDB AUTO_INCREMENT=640 DEFAULT CHARSET=utf8mb4;
/*!40101 SET character_set_client = @saved_cs_client */;

--
-- Dumping data for table `usuario_acesso`
--

LOCK TABLES `usuario_acesso` WRITE;
/*!40000 ALTER TABLE `usuario_acesso` DISABLE KEYS */;
INSERT INTO `usuario_acesso` VALUES (1,'Matheus','29377285453',17,'2022-12-27 14:17:00'),(2,'Matheus','29377285453',17,'2022-12-27 14:18:00'),(3,'Matheus Amaral','29377285453',17,'2022-12-27 14:30:39'),(4,'Matheus Amaral','29377285453',17,'2022-12-27 15:21:54'),(5,'Matheus Amaral','29377285453',17,'2022-12-27 15:22:16'),(6,'Matheus Amaral','29377285453',17,'2022-12-27 15:28:23'),(7,'Matheus Amaral','29377285453',17,'2022-12-27 15:28:39'),(8,'Matheus Amaral','29377285453',19,'2022-12-27 15:46:37'),(9,'Matheus Amaral','29377285453',19,'2022-12-27 15:47:01'),(10,'Matheus Amaral','29377285453',13,'2022-12-27 15:55:19'),(11,'Matheus Amaral','29377285453',20,'2022-12-27 16:01:56'),(12,'Matheus Amaral','29377285453',6,'2022-12-27 16:06:08'),(13,'Matheus Amaral','29377285453',5,'2022-12-27 16:14:43'),(14,'Matheus Amaral','29377285453',12,'2022-12-28 08:08:35'),(15,'Matheus Amaral','29377285453',12,'2022-12-28 08:10:44'),(16,'TI Solicitante','1',11,'2022-12-28 08:27:04'),(17,'TI Admin',NULL,11,'2022-12-28 08:29:56'),(18,'TI Solicitante','1',11,'2022-12-28 09:56:07'),(19,'TI Solicitante','1',11,'2022-12-28 10:01:37'),(20,'Christian Cauãn','---',17,'2022-12-28 10:04:21'),(21,'TI Solicitante','1',11,'2022-12-28 10:06:36'),(22,'TI Atendente','',11,'2022-12-28 10:07:09'),(23,'TI Solicitante','1',11,'2022-12-28 10:07:58'),(24,'TI Atendente','',11,'2022-12-28 10:09:36'),(25,'Matheus Amaral','29377285453',12,'2022-12-28 10:27:23'),(26,'Matheus Amaral','29377285453',12,'2022-12-28 10:27:51'),(27,'Christian Cauãn','---',20,'2022-12-29 10:28:42'),(28,'Christian Cauãn','---',20,'2022-12-29 11:39:45'),(29,'TI Atendente','',11,'2022-12-30 08:12:35'),(30,'Setor Teste','70223163414',11,'2022-12-30 10:31:17'),(31,'TI Solicitante','1',11,'2022-12-30 10:32:57'),(32,'Matheus Amaral','29377285453',11,'2022-12-30 10:33:42'),(33,'Margareth Cristina','91627877487',11,'2022-12-30 10:34:24'),(34,'Margareth Cristina','91627877487',11,'2022-12-30 10:35:01'),(35,'Lara Santos','70126274410',11,'2022-12-30 10:35:29'),(36,'Margareth Cristina','91627877487',11,'2022-12-30 10:36:21'),(37,'Neuron Solicitante','91627877487',11,'2022-12-30 10:37:29'),(38,'Neuron Solicitante 2','70126274410',11,'2022-12-30 10:38:32'),(39,'TI Atendente','',11,'2022-12-30 10:39:07'),(40,'TI Solicitante','1',11,'2022-12-30 10:40:36'),(41,'TI Atendente','',11,'2022-12-30 10:40:51'),(42,'TI Solicitante','1',11,'2022-12-30 10:42:49'),(43,'TI Atendente','',11,'2022-12-30 10:43:29'),(44,'Christian Cauãn','---',20,'2023-01-02 09:32:41'),(45,'TI Atendente','',11,'2023-01-02 10:33:31'),(46,'TI Admin',NULL,11,'2023-01-04 14:33:55'),(47,'TI Solicitante','1',11,'2023-01-04 14:48:36'),(48,'TI Atendente','',11,'2023-01-04 14:58:01'),(49,'TI Solicitante','1',11,'2023-01-04 15:00:30'),(50,'Matheus Amaral','29377285453',6,'2023-01-09 14:04:03'),(51,'TI Admin',NULL,11,'2023-01-09 14:12:53'),(52,'Matheus Amaral','29377285453',19,'2023-01-09 16:30:07'),(53,'Matheus Amaral','29377285453',20,'2023-01-09 16:51:32'),(54,'Matheus Amaral','29377285453',19,'2023-01-10 08:36:33'),(55,'Matheus Amaral','29377285453',5,'2023-01-10 09:29:00'),(56,'Matheus Amaral','29377285453',20,'2023-01-10 09:29:34'),(57,'Christian Cauãn','---',19,'2023-01-10 15:31:05'),(58,'Christian Cauãn','---',13,'2023-01-12 13:05:41'),(59,'Christian Cauãn','---',6,'2023-01-12 13:05:57'),(60,'Christian Cauãn','---',5,'2023-01-12 13:06:17'),(61,'Christian Cauãn','---',20,'2023-01-12 13:06:32'),(62,'Christian Cauãn','---',17,'2023-01-12 13:06:51'),(63,'Matheus Amaral','29377285453',19,'2023-01-13 07:40:34'),(64,'Matheus Amaral','29377285453',20,'2023-01-13 08:13:42'),(65,'Matheus Amaral','29377285453',20,'2023-01-17 15:53:10'),(66,'Christian Cauãn','---',19,'2023-01-18 14:30:45'),(67,'Matheus Amaral','29377285453',19,'2023-01-20 10:22:23'),(68,'TI Atendente','',11,'2023-01-23 10:04:17'),(69,'TI Atendente','',11,'2023-01-23 13:50:25'),(70,'TI Atendente','',11,'2023-01-24 07:07:22'),(71,'TI Solicitante','1',11,'2023-01-24 08:11:41'),(72,'Christian Cauãn','---',21,'2023-01-24 08:13:23'),(73,'Christian Cauãn','---',13,'2023-01-24 13:09:37'),(74,'Christian Cauãn','---',19,'2023-01-25 12:34:27'),(75,'Christian Cauãn','---',6,'2023-01-25 14:04:10'),(76,'TI Admin',NULL,11,'2023-01-27 12:23:15'),(77,'Matheus Amaral','29377285453',6,'2023-01-30 07:44:12'),(78,'Christian Cauãn','---',6,'2023-01-30 08:57:33'),(79,'Matheus Amaral','29377285453',5,'2023-01-30 10:58:12'),(80,'Christian Cauãn','---',19,'2023-01-31 09:31:57'),(81,'Christian Cauãn','---',6,'2023-02-01 08:24:44'),(82,'Christian Cauãn','---',6,'2023-02-01 10:28:45'),(83,'TI Solicitante','1',11,'2023-02-03 09:38:44'),(84,'TI Solicitante','1',11,'2023-02-03 09:46:28'),(85,'TI Solicitante','1',11,'2023-02-03 10:40:42'),(86,'TI Solicitante','1',11,'2023-02-03 11:10:42'),(87,'TI Solicitante','1',11,'2023-02-03 11:14:36'),(88,'Christian Cauãn','---',13,'2023-02-07 16:11:42'),(89,'TI Solicitante','1',11,'2023-02-09 09:11:43'),(90,'TI Solicitante','1',11,'2023-02-09 09:16:52'),(91,'TI Solicitante','1',11,'2023-02-09 09:53:20'),(92,'TI Solicitante','1',11,'2023-02-09 10:20:47'),(93,'Matheus Amaral','29377285453',19,'2023-02-14 15:31:31'),(94,'Matheus Amaral','29377285453',17,'2023-02-14 15:31:40'),(95,'Matheus Amaral','29377285453',5,'2023-02-14 15:31:44'),(96,'Matheus Amaral','29377285453',13,'2023-02-14 15:32:01'),(97,'Matheus Amaral','29377285453',13,'2023-02-23 13:18:06'),(98,'Matheus Amaral','29377285453',5,'2023-02-28 07:15:26'),(99,'Setor Teste','43212966092',5,'2023-02-28 07:18:05'),(100,'Matheus Amaral','29377285453',5,'2023-02-28 13:48:25'),(101,'TI Solicitante','1',11,'2023-02-28 16:43:20'),(102,'TI Atendente','',11,'2023-02-28 16:44:45'),(103,'TI Solicitante','1',11,'2023-02-28 16:47:02'),(104,'TI Solicitante','1',11,'2023-02-28 16:48:46'),(105,'TI Solicitante','1',11,'2023-02-28 16:49:00'),(106,'TI Atendente','',11,'2023-02-28 16:49:09'),(107,'Matheus Amaral','29377285453',5,'2023-03-01 07:44:39'),(108,'Matheus Amaral','29377285453',5,'2023-03-02 13:08:27'),(109,'Setor Teste','43212966092',5,'2023-03-03 09:57:59'),(110,'Matheus Amaral','29377285453',5,'2023-03-03 13:29:20'),(111,'Matheus Amaral','29377285453',12,'2023-03-03 15:14:52'),(112,'Setor Teste','43212966092',5,'2023-03-06 16:13:00'),(113,'Matheus Amaral','29377285453',5,'2023-03-06 16:15:45'),(114,'Matheus Amaral','29377285453',5,'2023-03-07 07:50:34'),(115,'Matheus Amaral','29377285453',5,'2023-03-07 07:53:48'),(116,'Matheus Amaral','29377285453',5,'2023-03-07 12:52:00'),(117,'Matheus Amaral','29377285453',5,'2023-03-07 12:53:23'),(118,'Matheus Amaral','29377285453',12,'2023-03-07 14:27:38'),(119,'Matheus Amaral','29377285453',5,'2023-03-08 13:01:28'),(120,'Setor Teste','43212966092',5,'2023-03-08 15:20:50'),(121,'Matheus Amaral','29377285453',5,'2023-03-08 15:24:25'),(122,'Matheus Amaral','29377285453',5,'2023-03-09 07:47:00'),(123,'Matheus Amaral','29377285453',5,'2023-03-09 10:30:51'),(124,'Matheus Amaral','29377285453',5,'2023-03-09 12:02:55'),(125,'Matheus Amaral','29377285453',5,'2023-03-09 12:16:15'),(126,'Matheus Amaral','29377285453',5,'2023-03-14 07:18:08'),(127,'Matheus Amaral','29377285453',12,'2023-03-14 10:07:01'),(128,'Matheus Amaral','29377285453',5,'2023-03-14 12:35:17'),(129,'Matheus Amaral','29377285453',5,'2023-03-14 14:44:55'),(130,'Matheus Amaral','29377285453',5,'2023-03-15 15:36:41'),(131,'Matheus Amaral','29377285453',5,'2023-03-17 12:30:19'),(132,'Matheus Amaral','29377285453',19,'2023-03-17 13:01:45'),(133,'Matheus Amaral','29377285453',13,'2023-03-17 13:01:52'),(134,'Matheus Amaral','29377285453',5,'2023-03-17 13:13:53'),(135,'Matheus Amaral','29377285453',17,'2023-03-17 13:15:57'),(136,'Matheus Amaral','29377285453',5,'2023-03-17 13:18:25'),(137,'Matheus Amaral','29377285453',5,'2023-03-17 13:22:07'),(138,'Matheus Amaral','29377285453',5,'2023-03-17 13:25:48'),(139,'Matheus Amaral','29377285453',19,'2023-03-17 13:28:33'),(140,'Matheus Amaral','29377285453',20,'2023-03-17 13:34:56'),(141,'Matheus Amaral','29377285453',5,'2023-03-17 13:36:50'),(142,'Matheus Amaral','29377285453',5,'2023-03-20 07:05:05'),(143,'Matheus Amaral','29377285453',17,'2023-03-20 07:10:15'),(144,'Matheus Amaral','29377285453',19,'2023-03-20 07:12:01'),(145,'Matheus Amaral','29377285453',5,'2023-03-20 07:18:59'),(146,'Matheus Amaral','29377285453',5,'2023-03-20 07:42:52'),(147,'Matheus Amaral','29377285453',5,'2023-03-20 13:19:04'),(148,'Matheus Amaral','29377285453',5,'2023-03-21 07:10:12'),(149,'Matheus Amaral','29377285453',5,'2023-03-21 09:11:47'),(150,'Setor Teste','43212966092',5,'2023-03-21 16:30:36'),(151,'Matheus Amaral','29377285453',5,'2023-03-22 07:18:36'),(152,'Pedro Nelson','06230837447',5,'2023-03-22 07:30:02'),(153,'Matheus Amaral','29377285453',5,'2023-03-22 07:57:21'),(154,'Setor Teste','43212966092',5,'2023-03-22 10:03:43'),(155,'Matheus Amaral','29377285453',13,'2023-03-22 14:06:04'),(156,'Matheus Amaral','29377285453',13,'2023-03-22 14:49:16'),(157,'Setor Teste','43212966092',13,'2023-03-22 14:53:55'),(158,'Matheus Amaral','29377285453',13,'2023-03-22 15:08:55'),(159,'Matheus Amaral','29377285453',13,'2023-03-22 15:30:31'),(160,'José Teles','01437612504',13,'2023-03-22 15:34:24'),(161,'José Teles','01437612504',13,'2023-03-22 15:45:07'),(162,'Matheus Amaral','29377285453',13,'2023-03-22 15:49:53'),(163,'Matheus Amaral','29377285453',13,'2023-03-22 15:52:20'),(164,'Matheus Augusto','01782644407',13,'2023-03-22 15:54:12'),(165,'Matheus Augusto','01782644407',5,'2023-03-23 07:17:29'),(166,'Matheus Augusto','01782644407',13,'2023-03-23 08:34:59'),(167,'Matheus Augusto','01782644407',13,'2023-03-23 08:44:20'),(168,'Matheus Augusto','01782644407',5,'2023-03-23 11:03:32'),(169,'Helio Silva','13190532460',6,'2023-03-23 15:52:12'),(170,'Sergio Dantas','01710913452',6,'2023-03-23 16:15:10'),(171,'Helio Silva','13190532460',6,'2023-03-23 16:31:45'),(172,'Matheus Augusto','01782644407',5,'2023-03-24 09:12:19'),(173,'José Teles','01437612504',13,'2023-03-24 10:40:45'),(174,'Sergio Dantas','01710913452',6,'2023-03-24 14:24:29'),(175,'Sergio Dantas','01710913452',6,'2023-03-24 14:50:01'),(176,'Sergio Dantas','01710913452',6,'2023-03-24 15:35:29'),(177,'Sergio Dantas','01710913452',5,'2023-03-24 16:28:00'),(178,'Matheus Augusto','01782644407',5,'2023-03-26 11:32:33'),(179,'TI Admin',NULL,11,'2023-03-26 11:42:01'),(180,'Matheus Amaral','29377285453',12,'2023-03-26 16:21:27'),(181,'Matheus Augusto','01782644407',5,'2023-03-26 16:44:41'),(182,'Helio Silva','13190532460',6,'2023-03-27 13:18:21'),(183,'Helio Silva','13190532460',6,'2023-03-27 13:33:14'),(184,'Helio Silva','13190532460',5,'2023-03-27 15:02:04'),(185,'Helio Silva','13190532460',6,'2023-03-27 16:45:07'),(186,'Matheus Augusto','01782644407',6,'2023-03-28 15:51:58'),(187,'Equipe TI','---',13,'2023-03-28 16:42:37'),(188,'Matheus Augusto','01782644407',6,'2023-03-29 07:43:10'),(189,'Matheus Augusto','01782644407',5,'2023-03-29 07:43:36'),(190,'Matheus Augusto','01782644407',6,'2023-03-29 07:47:12'),(191,'Matheus Augusto','01782644407',6,'2023-03-29 07:49:57'),(192,'Matheus Augusto','01782644407',5,'2023-03-29 09:04:23'),(193,'Equipe TI','---',5,'2023-03-29 13:12:04'),(194,'Helio Silva','13190532460',5,'2023-03-30 16:28:25'),(195,'Sergio Dantas','01710913452',5,'2023-03-30 16:46:34'),(196,'Matheus Amaral','29377285453',5,'2023-03-31 13:35:45'),(197,'Matheus Augusto','01782644407',5,'2023-04-03 14:03:07'),(198,'Sergio Dantas','01710913452',6,'2023-04-06 13:19:34'),(199,'Helio Silva','13190532460',20,'2023-04-06 15:27:48'),(200,'Sergio Dantas','01710913452',20,'2023-04-06 15:44:56'),(201,'TI Solicitante','1',11,'2023-04-10 13:07:03'),(202,'TI Atendente','',11,'2023-04-10 13:15:33'),(203,'TI Admin',NULL,11,'2023-04-10 13:22:35'),(204,'TI Solicitante','1',11,'2023-04-19 15:42:22'),(205,'TI Solicitante','1',11,'2023-04-19 16:07:17'),(206,'TI Solicitante','1',11,'2023-04-19 16:09:17'),(207,'TI Solicitante','1',11,'2023-04-20 13:05:37'),(208,'TI Admin',NULL,11,'2023-04-20 13:42:57'),(209,'TI Solicitante','1',11,'2023-04-20 14:26:12'),(210,'TI Solicitante','1',11,'2023-04-20 15:13:24'),(211,'TI Solicitante','1',11,'2023-04-20 16:12:39'),(212,'Sergio Dantas','01710913452',6,'2023-04-24 13:13:34'),(213,'Helio Silva','13190532460',6,'2023-04-24 13:18:57'),(214,'Helio Silva','13190532460',19,'2023-04-24 14:36:50'),(215,'Helio Silva','13190532460',5,'2023-04-24 15:04:42'),(216,'Helio Silva','13190532460',17,'2023-04-24 15:38:04'),(217,'Sergio Dantas','01710913452',6,'2023-04-25 13:58:46'),(218,'Sergio Dantas','01710913452',5,'2023-04-25 15:34:56'),(219,'Sergio Dantas','01710913452',17,'2023-04-25 15:35:12'),(220,'Sergio Dantas','01710913452',13,'2023-04-25 15:35:20'),(221,'TI Admin',NULL,11,'2023-04-26 14:10:09'),(222,'Sergio Dantas','01710913452',19,'2023-04-26 14:50:04'),(223,'Matheus Amaral','29377285453',5,'2023-04-27 08:12:04'),(224,'Helio Silva','13190532460',6,'2023-05-04 14:37:29'),(225,'Matheus Amaral','29377285453',5,'2023-05-10 14:42:11'),(226,'José Teles','01437612504',13,'2023-05-12 08:41:49'),(227,'José Teles','01437612504',5,'2023-05-12 08:41:57'),(228,'Leonard Bernstein','04874198473',5,'2023-05-12 08:45:55'),(229,'Leonard Bernstein','04874198473',5,'2023-05-12 09:14:56'),(230,'Helio Silva','13190532460',5,'2023-05-16 14:04:54'),(231,'Sergio Dantas','01710913452',5,'2023-05-16 14:10:10'),(232,'Helio Silva','13190532460',5,'2023-05-22 13:03:39'),(233,'Helio Silva','13190532460',6,'2023-05-31 16:18:24'),(234,'Helio Silva','13190532460',6,'2023-05-31 16:19:22'),(235,'Helio Silva','13190532460',5,'2023-06-13 15:01:34'),(236,'Helio Silva','13190532460',19,'2023-06-13 15:01:51'),(237,'Helio Silva','13190532460',17,'2023-06-13 15:01:58'),(238,'Helio Silva','13190532460',6,'2023-06-13 15:02:02'),(239,'Helio Silva','13190532460',5,'2023-06-13 15:34:55'),(240,'Helio Silva','13190532460',20,'2023-06-13 15:35:17'),(241,'Helio Silva','13190532460',13,'2023-06-13 15:35:21'),(242,'Helio Silva','13190532460',17,'2023-06-13 15:35:59'),(243,'Helio Silva','13190532460',19,'2023-06-13 15:36:15'),(244,'Sergio Dantas','01710913452',19,'2023-06-13 15:57:01'),(245,'Sergio Dantas','01710913452',6,'2023-06-13 15:57:06'),(246,'Helio Silva','13190532460',13,'2023-06-13 16:02:18'),(247,'Sergio Dantas','01710913452',5,'2023-06-14 13:46:00'),(248,'Helio Silva','13190532460',5,'2023-06-14 15:58:22'),(249,'Helio Silva','13190532460',5,'2023-06-15 14:43:45'),(250,'Helio Silva','13190532460',6,'2023-06-21 13:07:52'),(251,'Helio Silva','13190532460',20,'2023-06-22 16:31:30'),(252,'Helio Silva','13190532460',5,'2023-06-27 15:56:07'),(253,'Helio Silva','13190532460',5,'2023-06-27 16:05:19'),(254,'Helio Silva','13190532460',5,'2023-07-03 14:06:40'),(255,'Helio Silva','13190532460',13,'2023-07-03 14:19:23'),(256,'Helio Silva','13190532460',6,'2023-07-03 14:38:31'),(257,'Sergio Dantas','01710913452',20,'2023-07-03 14:49:06'),(258,'Sergio Dantas','01710913452',17,'2023-07-03 14:55:22'),(259,'Sergio Dantas','01710913452',13,'2023-07-03 14:55:37'),(260,'Helio Silva','13190532460',13,'2023-07-03 16:48:01'),(261,'Helio Silva','13190532460',19,'2023-07-03 16:48:28'),(262,'Helio Silva','13190532460',17,'2023-07-03 16:49:12'),(263,'Helio Silva','13190532460',5,'2023-07-04 13:42:35'),(264,'Helio Silva','13190532460',5,'2023-07-04 15:40:05'),(265,'Helio Silva','13190532460',5,'2023-07-04 16:02:18'),(266,'Helio Silva','13190532460',5,'2023-07-05 14:03:53'),(267,'Helio Silva','13190532460',20,'2023-07-05 14:04:16'),(268,'Helio Silva','13190532460',6,'2023-07-05 14:04:24'),(269,'Helio Silva','13190532460',6,'2023-07-05 15:17:06'),(270,'Sergio Dantas','01710913452',6,'2023-07-17 13:19:38'),(271,'Sergio Dantas','01710913452',5,'2023-07-17 13:50:21'),(272,'Helio Silva','13190532460',13,'2023-07-17 16:05:30'),(273,'Helio Silva','13190532460',5,'2023-07-17 16:07:04'),(274,'Sergio Dantas','01710913452',5,'2023-07-17 16:07:49'),(275,'Helio Silva','13190532460',5,'2023-07-18 15:43:13'),(276,'Helio Silva','13190532460',5,'2023-07-20 13:49:45'),(277,'Helio Silva','13190532460',5,'2023-07-24 13:55:59'),(278,'Sergio Dantas','01710913452',5,'2023-07-26 15:34:28'),(279,'Sergio Dantas','01710913452',6,'2023-08-07 14:18:31'),(280,'Helio Silva','13190532460',6,'2023-08-07 14:19:39'),(281,'Sergio Dantas','01710913452',6,'2023-08-14 16:50:34'),(282,'José Teles','01437612504',13,'2023-08-15 11:28:51'),(283,'José Teles','01437612504',20,'2023-08-15 11:29:05'),(284,'Helio Silva','13190532460',6,'2023-08-15 13:31:11'),(285,'Sergio Dantas','01710913452',19,'2023-08-15 16:51:50'),(286,'José Teles','01437612504',20,'2023-08-16 11:46:21'),(287,'José Teles','01437612504',5,'2023-08-16 11:46:34'),(288,'José Teles','01437612504',5,'2023-08-16 14:48:43'),(289,'Helio Silva','13190532460',19,'2023-08-22 13:58:28'),(290,'Sergio Dantas','01710913452',13,'2023-08-24 15:22:15'),(291,'Helio Silva','13190532460',6,'2023-08-29 16:46:10'),(292,'Helio Silva','13190532460',13,'2023-08-29 16:46:51'),(293,'Helio Silva','13190532460',13,'2023-08-30 14:56:39'),(294,'Helio Silva','13190532460',5,'2023-09-04 15:03:23'),(295,'Hélio Filho','13190532460',19,'2023-09-06 16:18:25'),(296,'Sérgio Dantas','01710913452',5,'2023-09-12 13:25:04'),(297,'Esley Henri','10053515463',17,'2023-09-14 09:40:04'),(298,'José Teles','01437612504',13,'2023-09-14 15:54:33'),(299,'Hélio Filho','13190532460',5,'2023-09-18 13:07:13'),(300,'Hélio Filho','13190532460',6,'2023-09-18 13:07:31'),(301,'Sérgio Dantas','01710913452',13,'2023-09-18 13:18:05'),(302,'Hélio Filho','13190532460',20,'2023-09-18 13:18:39'),(303,'Hélio Filho','13190532460',13,'2023-09-18 13:28:26'),(304,'Sérgio Dantas','01710913452',6,'2023-09-18 14:06:38'),(305,'Sérgio Dantas','01710913452',6,'2023-09-26 13:19:41'),(306,'Hélio Filho','13190532460',6,'2023-09-26 15:54:05'),(307,'Hélio Filho','13190532460',6,'2023-10-05 15:07:24'),(308,'Hélio Filho','13190532460',17,'2023-10-05 15:42:03'),(309,'Hélio Filho','13190532460',13,'2023-10-05 15:42:16'),(310,'Hélio Filho','13190532460',5,'2023-10-05 16:20:38'),(311,'Hélio Filho','13190532460',20,'2023-10-05 16:20:47'),(312,'Hélio Filho','13190532460',13,'2023-10-05 16:20:49'),(313,'Hélio Filho','13190532460',17,'2023-10-05 16:20:55'),(314,'Hélio Filho','13190532460',19,'2023-10-05 16:20:57'),(315,'Hélio Filho','13190532460',6,'2023-10-05 16:27:52'),(316,'José Teles','01437612504',5,'2023-10-06 09:33:49'),(317,'José Teles','01437612504',19,'2023-10-07 18:05:42'),(318,'Paulo Victor','01722405490',19,'2023-10-10 09:56:44'),(319,'Paulo Victor','01722405490',6,'2023-10-11 07:32:00'),(320,'José Teles','01437612504',19,'2023-10-11 08:12:28'),(321,'Paulo Victor','01722405490',13,'2023-10-13 12:24:34'),(322,'Paulo Victor','01722405490',19,'2023-10-16 09:44:03'),(323,'Paulo Victor','01722405490',17,'2023-10-16 09:44:08'),(324,'Hélio Filho','13190532460',6,'2023-10-16 13:08:30'),(325,'Hélio Filho','13190532460',6,'2023-10-16 13:10:53'),(326,'Hélio Filho','13190532460',13,'2023-10-16 16:04:39'),(327,'Hélio Filho','13190532460',19,'2023-10-16 16:45:43'),(328,'Hélio Filho','13190532460',5,'2023-10-16 16:47:10'),(329,'Hélio Filho','13190532460',6,'2023-10-23 15:41:58'),(330,'Hélio Filho','13190532460',20,'2023-10-26 13:22:31'),(331,'Hélio Filho','13190532460',20,'2023-10-26 13:22:53'),(332,'Hélio Filho','13190532460',20,'2023-10-26 13:23:34'),(333,'Hélio Filho','13190532460',6,'2023-10-26 16:12:38'),(334,'Hélio Filho','13190532460',5,'2023-10-26 16:18:30'),(335,'José Teles','01437612504',13,'2023-10-30 11:38:49'),(336,'Hélio Filho','13190532460',19,'2023-10-30 15:10:24'),(337,'Hélio Filho','13190532460',17,'2023-10-30 15:10:48'),(338,'Hélio Filho','13190532460',13,'2023-10-30 15:11:30'),(339,'Hélio Filho','13190532460',20,'2023-10-30 15:11:37'),(340,'Hélio Filho','13190532460',6,'2023-10-30 15:11:59'),(341,'Hélio Filho','13190532460',5,'2023-11-01 16:27:34'),(342,'Hélio Filho','13190532460',5,'2023-11-06 14:55:24'),(343,'Leonard Bernstein','04874198473',5,'2023-11-06 16:07:16'),(344,'Sérgio Dantas','01710913452',5,'2023-11-06 16:48:22'),(345,'Hélio Filho','13190532460',5,'2023-11-08 15:42:06'),(346,'Hélio Filho','13190532460',5,'2023-11-08 16:01:46'),(347,'Hélio Filho','13190532460',5,'2023-11-08 16:04:39'),(348,'Chagas Júnior','03326143443',5,'2023-11-08 18:18:12'),(349,'Chagas Júnior','03326143443',5,'2023-11-09 11:49:11'),(350,'Hélio Filho','13190532460',6,'2023-11-09 13:14:13'),(351,'Leonard Bernstein','04874198473',5,'2023-11-09 13:24:06'),(352,'Hélio Filho','13190532460',5,'2023-11-09 13:55:20'),(353,'Leonard Bernstein','04874198473',5,'2023-11-09 15:23:20'),(354,'Victor Matheus','01780030428',5,'2023-11-09 15:37:16'),(355,'Hélio Filho','13190532460',5,'2023-11-09 15:55:57'),(356,'Chagas Júnior','03326143443',5,'2023-11-10 13:39:22'),(357,'Hélio Filho','13190532460',5,'2023-11-13 15:51:56'),(358,'José Teles','01437612504',13,'2023-11-22 14:51:01'),(359,'José Teles','01437612504',5,'2023-11-22 15:09:45'),(360,'Antonio Linhares','---',5,'2023-11-27 14:48:30'),(361,'Antonio Linhares','---',19,'2023-11-27 15:19:40'),(362,'Leonard Bernstein','04874198473',20,'2023-11-28 10:31:10'),(363,'Leonard Bernstein','04874198473',13,'2023-11-28 10:31:18'),(364,'Lucas Enésio Barreto','71145280439',5,'2023-11-28 16:20:41'),(365,'Hélio Filho','13190532460',5,'2023-12-07 15:21:35'),(366,'Hélio Filho','13190532460',5,'2023-12-13 13:12:37'),(367,'Sérgio Dantas','01710913452',5,'2023-12-19 15:09:42'),(368,'Sérgio Dantas','01710913452',5,'2023-12-19 16:12:36'),(369,'Hélio Filho','13190532460',5,'2023-12-19 16:18:37'),(370,'Sérgio Dantas','01710913452',13,'2023-12-21 14:23:05'),(371,'Sérgio Dantas','01710913452',20,'2023-12-21 14:38:06'),(372,'Sérgio Dantas','01710913452',19,'2023-12-21 14:39:52'),(373,'Sérgio Dantas','01710913452',17,'2023-12-21 14:42:05'),(374,'Antonio Linhares','---',13,'2023-12-22 10:56:12'),(375,'Hélio Filho','13190532460',5,'2023-12-26 13:29:23'),(376,'Sérgio Dantas','01710913452',5,'2023-12-27 13:49:09'),(377,'Hélio Filho','13190532460',6,'2023-12-27 14:34:48'),(378,'Sérgio Dantas','01710913452',5,'2023-12-28 15:52:25'),(379,'Hélio Filho','13190532460',20,'2024-01-02 14:10:31'),(380,'Hélio Filho','13190532460',19,'2024-01-02 14:10:36'),(381,'Hélio Filho','13190532460',5,'2024-01-02 14:30:20'),(382,'Hélio Filho','13190532460',6,'2024-01-02 15:11:00'),(383,'Hélio Filho','13190532460',17,'2024-01-02 15:11:05'),(384,'Hélio Filho','13190532460',13,'2024-01-02 15:11:12'),(385,'Hélio Filho','13190532460',5,'2024-01-02 16:01:29'),(386,'Sérgio Dantas','01710913452',6,'2024-01-02 16:34:17'),(387,'Sérgio Dantas','01710913452',17,'2024-01-03 13:37:37'),(388,'Sérgio Dantas','01710913452',20,'2024-01-03 13:38:15'),(389,'Sérgio Dantas','01710913452',5,'2024-01-10 13:37:17'),(390,'José Teles','01437612504',5,'2024-01-11 10:44:28'),(391,'Hélio Filho','13190532460',5,'2024-01-11 13:02:12'),(392,'Hélio Filho','13190532460',5,'2024-01-11 13:17:02'),(393,'Hélio Filho','13190532460',5,'2024-01-11 13:53:17'),(394,'Leonard Bernstein','04874198473',5,'2024-01-22 15:22:36'),(395,'Leonard Bernstein','04874198473',19,'2024-01-22 15:31:02'),(396,'DAVID GABRIEL','70671565486',13,'2024-01-24 08:53:47'),(397,'DAVID GABRIEL','70671565486',5,'2024-01-24 08:57:47'),(398,'DAVID GABRIEL','70671565486',6,'2024-01-24 08:58:52'),(399,'DAVID GABRIEL','70671565486',17,'2024-01-24 09:00:51'),(412,'Emanuel Marinho','01742460488',13,'2024-01-31 11:51:45'),(413,'Victor Matheus','07203108490',13,'2024-02-02 16:28:09'),(414,'Victor Matheus','07203108490',20,'2024-02-02 16:29:08'),(415,'Alexandre Rodrigues','13137079705',5,'2024-02-06 09:38:34'),(416,'Alexandre Rodrigues','13137079705',17,'2024-02-06 10:57:25'),(417,'Chagas Júnior','03326143443',5,'2024-02-08 17:12:16'),(418,'Alexandre Rodrigues','13137079705',5,'2024-02-16 08:10:33'),(419,'Chagas Júnior','03326143443',5,'2024-02-16 11:52:06'),(420,'Alexandre Rodrigues','13137079705',5,'2024-02-16 16:21:43'),(430,'Chagas Júnior','03326143443',5,'2024-02-20 16:09:21'),(434,'Chagas Júnior','03326143443',5,'2024-02-27 16:59:21'),(439,'João Thiago Rodrigues de Moura','16890653467',6,'2024-03-05 08:00:32'),(440,'João Thiago Rodrigues de Moura','16890653467',19,'2024-03-05 08:00:37'),(441,'João Thiago Rodrigues de Moura','16890653467',19,'2024-03-05 08:25:18'),(455,'João Thiago Rodrigues de Moura','16890653467',19,'2024-03-25 11:04:53'),(456,'Emanuel Marinho','01742460488',20,'2024-03-26 16:20:40'),(463,'Diego Cavalho','08302004448',20,'2024-04-09 11:32:45'),(487,'Nutrição','---',13,'2024-05-03 10:12:40'),(488,'Nutrição','---',13,'2024-05-03 10:13:37'),(489,'Nutrição','---',13,'2024-05-03 10:15:04'),(490,'Emanuel Marinho','01742460488',13,'2024-05-09 11:31:10'),(492,'Victor Matheus','07203108490',13,'2024-05-14 12:29:39'),(493,'Victor Matheus','07203108490',13,'2024-05-15 07:18:50'),(494,'Victor Matheus','07203108490',13,'2024-05-15 11:42:31'),(495,'Nutrição','---',13,'2024-05-16 12:36:07'),(496,'Leonard Bernstein','04874198473',19,'2024-05-21 10:22:34'),(497,'Leonard Bernstein','04874198473',17,'2024-05-21 10:22:50'),(498,'Leonard Bernstein','04874198473',20,'2024-05-21 10:22:57'),(499,'Leonard Bernstein','04874198473',13,'2024-05-21 10:23:50'),(500,'Leonard Bernstein','04874198473',13,'2024-05-21 10:24:44'),(501,'Leonard Bernstein','04874198473',5,'2024-05-21 10:42:09'),(502,'Leonard Bernstein','04874198473',5,'2024-05-22 16:32:38'),(503,'DAVID GABRIEL','70671565486',13,'2024-05-24 10:13:59'),(504,'DAVID GABRIEL','70671565486',13,'2024-05-27 16:53:41'),(505,'Victor Matheus','07203108490',20,'2024-05-29 16:18:49'),(506,'Emanuel Marinho','01742460488',20,'2024-05-31 09:01:30'),(507,'Antonio Linhares','---',13,'2024-06-05 09:12:27'),(508,'José Teles','01437612504',20,'2024-06-10 15:23:08'),(509,'Diego Cavalho','08302004448',20,'2024-06-10 17:04:42'),(510,'Diego Cavalho','08302004448',20,'2024-06-11 13:01:52'),(511,'Diego Cavalho','08302004448',20,'2024-06-11 13:02:33'),(512,'Diego Cavalho','08302004448',20,'2024-06-11 13:10:37'),(513,'Nutrição','---',13,'2024-06-13 10:40:39'),(516,'José Teles','01437612504',5,'2024-06-17 15:45:03'),(517,'Nutrição','---',13,'2024-06-18 12:00:24'),(518,'Chagas Júnior','03326143443',20,'2024-06-19 10:44:25'),(520,'Victor Matheus','07203108490',13,'2024-06-24 12:54:07'),(522,'Chagas Júnior','03326143443',5,'2024-06-26 12:04:46'),(523,'Chagas Júnior','03326143443',5,'2024-06-26 17:06:55'),(524,'Nutrição','---',13,'2024-06-27 10:32:53'),(525,'Chagas Júnior','03326143443',5,'2024-06-27 11:16:24'),(526,'Chagas Júnior','03326143443',5,'2024-07-01 03:12:01'),(527,'Nutrição','---',13,'2024-07-01 08:36:11'),(528,'Chagas Júnior','03326143443',5,'2024-07-01 15:12:56'),(529,'Chagas Júnior','03326143443',20,'2024-07-02 14:20:21'),(545,'Emanuel Marinho','01742460488',13,'2024-07-12 08:34:00'),(546,'DAVID GABRIEL','70671565486',13,'2024-07-12 08:42:18'),(548,'Gabriel (usuario inativo) Souza','---',20,'2024-07-12 08:53:04'),(549,'Gabriel (usuario inativo) Souza','---',13,'2024-07-12 09:04:29'),(550,'DAVID GABRIEL','70671565486',13,'2024-07-12 09:11:01'),(551,'Victor Matheus','07203108490',13,'2024-07-12 14:46:45'),(552,'DAVID GABRIEL','70671565486',13,'2024-07-15 08:56:59'),(553,'DAVID GABRIEL','70671565486',13,'2024-07-16 08:48:08'),(554,'Emanuel Marinho','01742460488',13,'2024-07-16 09:21:52'),(555,'DAVID GABRIEL','70671565486',13,'2024-07-16 12:28:34'),(556,'DAVID GABRIEL','70671565486',13,'2024-07-16 14:12:56'),(557,'Roberto Bettega','01833852419',13,'2024-07-17 09:26:43'),(558,'Chagas Júnior','03326143443',20,'2024-07-17 10:49:00'),(559,'Chagas Júnior','03326143443',17,'2024-07-17 10:55:41'),(560,'Chagas Júnior','03326143443',19,'2024-07-17 10:56:20'),(561,'Roberto Bettega','01833852419',19,'2024-07-17 12:51:30'),(562,'Roberto Bettega','01833852419',6,'2024-07-17 16:17:05'),(563,'Roberto Bettega','01833852419',13,'2024-07-18 07:57:00'),(564,'DAVID GABRIEL','70671565486',6,'2024-07-18 09:06:34'),(565,'DAVID GABRIEL','70671565486',13,'2024-07-18 09:06:37'),(566,'DAVID GABRIEL','70671565486',13,'2024-07-18 10:22:18'),(567,'DAVID GABRIEL','70671565486',13,'2024-07-19 08:16:21'),(568,'DAVID GABRIEL','70671565486',13,'2024-07-19 13:48:38'),(569,'Chagas Júnior','03326143443',20,'2024-07-19 15:58:14'),(570,'DAVID GABRIEL','70671565486',13,'2024-07-22 07:21:19'),(571,'DAVID GABRIEL','70671565486',13,'2024-07-22 10:05:25'),(572,'DAVID GABRIEL','70671565486',13,'2024-07-23 07:35:21'),(573,'DAVID GABRIEL','70671565486',13,'2024-07-23 08:57:29'),(574,'DAVID GABRIEL','70671565486',5,'2024-07-23 10:03:25'),(575,'DAVID GABRIEL','70671565486',13,'2024-07-23 10:05:34'),(576,'DAVID GABRIEL','70671565486',20,'2024-07-23 10:05:36'),(577,'DAVID GABRIEL','70671565486',17,'2024-07-23 10:06:34'),(578,'DAVID GABRIEL','70671565486',6,'2024-07-23 10:06:45'),(579,'Roberto Bettega','01833852419',19,'2024-07-23 10:13:52'),(580,'Roberto Bettega','01833852419',17,'2024-07-23 10:13:57'),(581,'Roberto Bettega','01833852419',6,'2024-07-23 10:14:05'),(582,'Roberto Bettega','01833852419',13,'2024-07-23 10:14:08'),(583,'Leonard Bernstein','04874198473',19,'2024-07-23 10:45:21'),(584,'Roberto Bettega','01833852419',19,'2024-07-23 10:57:24'),(585,'Roberto Bettega','01833852419',17,'2024-07-23 10:57:29'),(586,'Roberto Bettega','01833852419',13,'2024-07-23 10:57:31'),(587,'Roberto Bettega','01833852419',20,'2024-07-23 10:57:33'),(588,'Roberto Bettega','01833852419',6,'2024-07-23 10:57:35'),(589,'Roberto Bettega','01833852419',5,'2024-07-23 10:57:37'),(590,'Victor Matheus','07203108490',13,'2024-07-23 12:09:48'),(591,'Chagas Júnior','03326143443',5,'2024-07-24 20:37:47'),(592,'DAVID GABRIEL','70671565486',19,'2024-07-29 11:03:01'),(593,'Pedro Henrique','12970016486',13,'2024-07-31 10:27:56'),(594,'Pedro Henrique','12970016486',20,'2024-07-31 10:30:20'),(595,'Pedro Henrique','12970016486',6,'2024-07-31 10:30:23'),(596,'Pedro Henrique','12970016486',5,'2024-07-31 10:30:28'),(597,'Pedro Henrique','12970016486',13,'2024-07-31 10:46:33'),(598,'Chagas Júnior','03326143443',5,'2024-08-02 22:49:54'),(599,'Chagas Júnior','03326143443',5,'2024-08-04 05:44:20'),(600,'Roberto Bettega','01833852419',13,'2024-08-05 17:00:25'),(601,'Roberto Bettega','01833852419',20,'2024-08-05 17:00:34'),(602,'Roberto Bettega','01833852419',6,'2024-08-05 17:00:36'),(603,'Roberto Bettega','01833852419',5,'2024-08-05 17:00:40'),(604,'Roberto Bettega','01833852419',13,'2024-08-06 08:01:27'),(605,'Roberto Bettega','01833852419',6,'2024-08-06 08:05:55'),(606,'Roberto Bettega','01833852419',13,'2024-08-06 08:06:02'),(607,'Roberto Bettega','01833852419',19,'2024-08-06 08:19:45'),(608,'Roberto Bettega','01833852419',17,'2024-08-06 08:19:55'),(609,'Roberto Bettega','01833852419',20,'2024-08-06 08:21:00'),(610,'Roberto Bettega','01833852419',5,'2024-08-06 08:21:05'),(611,'DAVID GABRIEL','70671565486',17,'2024-08-06 08:59:45'),(612,'DAVID GABRIEL','70671565486',19,'2024-08-07 10:27:36'),(613,'DAVID GABRIEL','70671565486',13,'2024-08-07 12:32:32'),(614,'DAVID GABRIEL','70671565486',6,'2024-08-07 12:33:00'),(615,'DAVID GABRIEL','70671565486',5,'2024-08-07 12:33:06'),(616,'Roberto Bettega','01833852419',19,'2024-08-09 08:21:45'),(617,'Pedro Henrique','12970016486',13,'2024-08-14 08:45:13'),(618,'Pedro Henrique','12970016486',13,'2024-08-15 09:39:58'),(619,'Antonio Linhares','---',5,'2024-08-19 13:49:38'),(620,'Chagas Júnior','03326143443',5,'2024-08-24 05:44:28'),(621,'Leonard Bernstein','04874198473',13,'2024-08-29 10:04:13'),(622,'DAVID GABRIEL','70671565486',13,'2024-08-30 08:35:48'),(623,'Leonard Bernstein','04874198473',13,'2024-08-30 10:12:04'),(624,'DAVID GABRIEL','70671565486',13,'2024-09-02 07:06:27'),(625,'DAVID GABRIEL','70671565486',13,'2024-09-02 11:14:39'),(626,'DAVID GABRIEL','70671565486',13,'2024-09-03 10:28:43'),(627,'DAVID GABRIEL','70671565486',13,'2024-09-05 07:52:59'),(628,'Nutrição','---',13,'2024-09-05 08:08:32'),(629,'DAVID GABRIEL','70671565486',13,'2024-09-05 08:23:32'),(630,'Nutrição','---',13,'2024-09-05 08:41:29'),(631,'DAVID GABRIEL','70671565486',13,'2024-09-05 08:48:49'),(632,'Nutrição','---',13,'2024-09-05 08:57:43'),(633,'DAVID GABRIEL','70671565486',13,'2024-09-05 09:12:47'),(634,'DAVID GABRIEL','70671565486',13,'2024-09-05 11:15:25'),(635,'Roberto Bettega','01833852419',6,'2024-09-05 15:54:05'),(636,'Pedro Nelson','06230837447',6,'2024-09-05 16:00:16'),(637,'Pedro Nelson','06230837447',13,'2024-09-05 16:00:56'),(638,'DAVID GABRIEL','70671565486',13,'2024-09-06 07:57:25'),(639,'Chagas Júnior','03326143443',5,'2024-09-09 04:48:35');
/*!40000 ALTER TABLE `usuario_acesso` ENABLE KEYS */;
UNLOCK TABLES;

--
-- Table structure for table `usuario_permissao`
--

DROP TABLE IF EXISTS `usuario_permissao`;
/*!40101 SET @saved_cs_client     = @@character_set_client */;
/*!50503 SET character_set_client = utf8mb4 */;
CREATE TABLE `usuario_permissao` (
  `id` int(11) NOT NULL AUTO_INCREMENT,
  `id_permissao` int(11) NOT NULL,
  `id_usuario` int(11) NOT NULL,
  PRIMARY KEY (`id`),
  KEY `id_permissao` (`id_permissao`),
  KEY `id_usuario` (`id_usuario`),
  CONSTRAINT `usuario_permissao_ibfk_1` FOREIGN KEY (`id_permissao`) REFERENCES `permissao` (`id`),
  CONSTRAINT `usuario_permissao_ibfk_2` FOREIGN KEY (`id_usuario`) REFERENCES `usuario` (`id`)
) ENGINE=InnoDB AUTO_INCREMENT=6026 DEFAULT CHARSET=utf8mb4;
/*!40101 SET character_set_client = @saved_cs_client */;

--
-- Dumping data for table `usuario_permissao`
--

LOCK TABLES `usuario_permissao` WRITE;
/*!40000 ALTER TABLE `usuario_permissao` DISABLE KEYS */;
INSERT INTO `usuario_permissao` VALUES (2,1,8),(3,3,8),(4,4,8),(54,34,17),(55,35,17),(337,5,5),(620,5,76),(681,42,5),(1901,24,24),(1902,27,24),(1903,26,24),(1904,25,24),(1905,24,25),(1906,27,25),(1907,26,25),(1908,25,25),(1909,24,26),(1910,27,26),(1911,26,26),(1912,25,26),(1913,24,27),(1914,27,27),(1915,26,27),(1916,25,27),(1921,24,31),(1922,27,31),(1923,26,31),(1924,25,31),(1929,24,33),(1930,27,33),(1931,26,33),(1932,25,33),(1937,24,78),(1938,27,78),(1939,26,78),(1940,25,78),(1957,24,36),(1958,38,36),(1959,33,36),(1960,37,36),(1961,30,36),(1962,31,36),(1963,43,36),(1964,29,36),(1965,28,36),(1975,24,35),(1976,30,35),(1977,31,35),(1978,38,35),(1979,29,35),(1980,33,35),(1981,28,35),(1982,37,35),(1983,43,35),(1984,24,37),(1985,38,37),(1986,33,37),(1987,37,37),(1988,30,37),(1989,31,37),(1990,43,37),(1991,29,37),(1992,28,37),(1993,24,38),(1994,38,38),(1995,33,38),(1996,37,38),(1997,30,38),(1998,31,38),(1999,43,38),(2000,29,38),(2001,28,38),(2002,24,39),(2003,38,39),(2004,33,39),(2005,37,39),(2006,30,39),(2007,31,39),(2008,43,39),(2009,29,39),(2010,28,39),(2011,24,40),(2012,38,40),(2013,33,40),(2014,37,40),(2015,30,40),(2016,31,40),(2017,43,40),(2018,29,40),(2019,28,40),(2020,24,41),(2021,38,41),(2022,33,41),(2023,37,41),(2024,30,41),(2025,31,41),(2026,43,41),(2027,29,41),(2028,28,41),(2029,24,42),(2030,38,42),(2031,33,42),(2032,37,42),(2033,30,42),(2034,31,42),(2035,43,42),(2036,29,42),(2037,28,42),(2038,24,43),(2039,38,43),(2040,33,43),(2041,37,43),(2042,30,43),(2043,31,43),(2044,43,43),(2045,29,43),(2046,28,43),(2047,24,44),(2048,38,44),(2049,33,44),(2050,37,44),(2051,30,44),(2052,31,44),(2053,43,44),(2054,29,44),(2055,28,44),(2074,24,47),(2075,38,47),(2076,33,47),(2077,37,47),(2078,30,47),(2079,31,47),(2080,43,47),(2081,29,47),(2082,28,47),(2083,24,58),(2084,38,58),(2085,33,58),(2086,37,58),(2087,30,58),(2088,31,58),(2089,43,58),(2090,29,58),(2091,28,58),(2092,24,70),(2093,38,70),(2094,33,70),(2095,37,70),(2096,30,70),(2097,31,70),(2098,43,70),(2099,29,70),(2100,28,70),(2101,24,71),(2102,38,71),(2103,33,71),(2104,37,71),(2105,30,71),(2106,31,71),(2107,43,71),(2108,29,71),(2109,28,71),(2110,24,48),(2111,27,48),(2112,26,48),(2113,25,48),(2114,24,49),(2115,27,49),(2116,26,49),(2117,25,49),(2118,24,50),(2119,27,50),(2120,26,50),(2121,25,50),(2122,24,51),(2123,27,51),(2124,26,51),(2125,25,51),(2126,24,52),(2127,27,52),(2128,26,52),(2129,25,52),(2130,24,53),(2131,27,53),(2132,26,53),(2133,25,53),(2134,24,54),(2135,27,54),(2136,26,54),(2137,25,54),(2138,24,55),(2139,27,55),(2140,26,55),(2141,25,55),(2142,24,56),(2143,27,56),(2144,26,56),(2145,25,56),(2146,24,57),(2147,27,57),(2148,26,57),(2149,25,57),(2150,24,59),(2151,27,59),(2152,26,59),(2153,25,59),(2154,24,60),(2155,27,60),(2156,26,60),(2157,25,60),(2158,24,61),(2159,27,61),(2160,26,61),(2161,25,61),(2162,24,62),(2163,27,62),(2164,26,62),(2165,25,62),(2166,24,63),(2167,27,63),(2168,26,63),(2169,25,63),(2170,24,64),(2171,27,64),(2172,26,64),(2173,25,64),(2174,24,65),(2175,27,65),(2176,26,65),(2177,25,65),(2178,24,66),(2179,27,66),(2180,26,66),(2181,25,66),(2182,24,67),(2183,27,67),(2184,26,67),(2185,25,67),(2186,24,68),(2187,27,68),(2188,26,68),(2189,25,68),(2190,24,72),(2191,27,72),(2192,26,72),(2193,25,72),(2198,24,74),(2199,27,74),(2200,26,74),(2201,25,74),(2202,24,75),(2203,27,75),(2204,26,75),(2205,25,75),(2206,24,79),(2207,27,79),(2208,26,79),(2209,25,79),(2210,24,80),(2211,27,80),(2212,26,80),(2213,25,80),(2214,24,81),(2215,27,81),(2216,26,81),(2217,25,81),(2218,24,82),(2219,27,82),(2220,26,82),(2221,25,82),(2222,24,83),(2223,27,83),(2224,26,83),(2225,25,83),(2266,24,84),(2267,27,84),(2268,26,84),(2269,25,84),(2274,24,86),(2275,27,86),(2276,26,86),(2277,25,86),(2289,24,87),(2290,27,87),(2291,26,87),(2292,25,87),(2293,24,88),(2294,27,88),(2295,26,88),(2296,25,88),(2326,24,34),(2327,30,34),(2328,31,34),(2329,43,34),(2330,38,34),(2331,29,34),(2332,33,34),(2333,28,34),(2334,37,34),(2335,45,34),(2336,41,34),(2439,24,69),(2440,27,69),(2441,26,69),(2442,25,69),(2443,24,114),(2444,27,114),(2445,26,114),(2446,25,114),(2447,24,73),(2448,27,73),(2449,26,73),(2450,25,73),(2451,24,85),(2452,27,85),(2453,26,85),(2454,25,85),(2455,24,91),(2456,27,91),(2457,26,91),(2458,25,91),(2459,24,89),(2460,27,89),(2461,26,89),(2462,25,89),(2463,24,90),(2464,27,90),(2465,26,90),(2466,25,90),(2467,24,112),(2468,27,112),(2469,26,112),(2470,25,112),(2471,24,118),(2472,27,118),(2473,26,118),(2474,25,118),(2475,24,98),(2476,27,98),(2477,26,98),(2478,25,98),(2479,24,101),(2480,27,101),(2481,26,101),(2482,25,101),(2483,24,97),(2484,27,97),(2485,26,97),(2486,25,97),(2487,24,95),(2488,27,95),(2489,26,95),(2490,25,95),(2491,24,110),(2492,27,110),(2493,26,110),(2494,25,110),(2495,24,108),(2496,27,108),(2497,26,108),(2498,25,108),(2499,24,105),(2500,27,105),(2501,26,105),(2502,25,105),(2503,24,111),(2504,27,111),(2505,26,111),(2506,25,111),(2507,24,107),(2508,27,107),(2509,26,107),(2510,25,107),(2511,24,100),(2512,27,100),(2513,26,100),(2514,25,100),(2515,24,102),(2516,27,102),(2517,26,102),(2518,25,102),(2519,24,115),(2520,27,115),(2521,26,115),(2522,25,115),(2523,24,96),(2524,27,96),(2525,26,96),(2526,25,96),(2527,24,116),(2528,27,116),(2529,26,116),(2530,25,116),(2531,24,94),(2532,27,94),(2533,26,94),(2534,25,94),(2535,24,92),(2536,27,92),(2537,26,92),(2538,25,92),(2539,24,109),(2540,27,109),(2541,26,109),(2542,25,109),(2543,24,99),(2544,27,99),(2545,26,99),(2546,25,99),(2547,24,93),(2548,27,93),(2549,26,93),(2550,25,93),(2555,24,106),(2556,27,106),(2557,26,106),(2558,25,106),(2559,24,103),(2560,27,103),(2561,26,103),(2562,25,103),(2567,24,104),(2568,27,104),(2569,26,104),(2570,25,104),(2571,24,45),(2572,30,45),(2573,31,45),(2574,43,45),(2575,38,45),(2576,29,45),(2577,33,45),(2578,28,45),(2579,37,45),(2580,24,46),(2581,30,46),(2582,31,46),(2583,43,46),(2584,38,46),(2585,29,46),(2586,33,46),(2587,28,46),(2588,37,46),(2589,45,46),(2590,41,46),(2591,24,122),(2592,30,122),(2593,31,122),(2594,29,122),(2595,33,122),(2596,28,122),(2597,43,122),(2598,45,122),(2603,24,32),(2604,27,32),(2605,26,32),(2606,25,32),(2607,24,123),(2608,27,123),(2609,26,123),(2610,25,123),(2611,24,125),(2612,27,125),(2613,26,125),(2614,25,125),(2615,24,139),(2616,27,139),(2617,26,139),(2618,25,139),(2619,24,140),(2620,27,140),(2621,26,140),(2622,25,140),(2623,24,141),(2624,27,141),(2625,26,141),(2626,25,141),(2627,24,142),(2628,27,142),(2629,26,142),(2630,25,142),(2631,24,143),(2632,30,143),(2633,27,143),(2634,26,143),(2635,31,143),(2636,43,143),(2637,45,143),(2638,38,143),(2639,29,143),(2640,33,143),(2641,28,143),(2642,37,143),(2643,25,143),(2644,32,143),(2645,24,144),(2646,27,144),(2647,26,144),(2648,25,144),(2649,24,145),(2650,27,145),(2651,26,145),(2652,25,145),(2653,24,146),(2654,27,146),(2655,26,146),(2656,25,146),(2723,5,143),(2731,24,153),(2732,27,153),(2733,26,153),(2734,25,153),(2754,2,4),(2755,13,4),(2756,11,4),(2757,6,4),(2758,8,4),(2759,10,4),(2760,44,4),(2761,15,4),(2762,21,4),(2763,23,4),(2764,12,4),(2765,7,4),(2766,9,4),(2767,14,4),(2768,16,4),(2769,22,4),(2855,2,156),(2856,17,156),(2857,13,156),(2868,2,157),(2869,13,157),(2870,19,157),(2871,17,157),(2884,2,154),(2885,17,154),(2886,13,154),(2925,2,162),(2926,13,162),(2927,17,162),(2935,5,165),(2936,2,166),(2937,17,166),(2938,13,166),(2939,2,167),(2940,17,167),(2941,13,167),(2942,2,168),(2943,17,168),(2944,13,168),(2952,2,169),(2953,17,169),(2954,13,169),(2955,1,170),(2956,3,170),(2957,4,170),(3228,2,172),(3229,13,172),(3230,17,172),(3231,19,172),(3235,40,173),(3236,2,117),(3237,17,117),(3238,19,117),(3239,39,117),(3240,40,117),(3241,41,117),(3242,49,117),(3243,50,117),(3253,41,178),(3254,49,178),(3261,5,179),(3262,1,180),(3263,3,180),(3264,4,180),(3265,40,180),(3266,41,180),(3267,50,180),(3270,39,171),(3271,40,171),(3272,41,171),(3273,49,171),(3274,50,171),(3372,5,182),(3590,40,77),(3638,5,29),(3639,48,29),(3640,39,164),(3641,51,164),(3683,2,155),(3684,13,155),(3685,17,155),(3686,1,155),(3687,3,155),(3688,4,155),(3689,24,155),(3690,30,155),(3691,27,155),(3692,26,155),(3693,31,155),(3694,43,155),(3695,45,155),(3696,38,155),(3697,29,155),(3698,33,155),(3699,28,155),(3700,37,155),(3701,25,155),(3702,32,155),(3703,34,155),(3704,35,155),(3705,39,155),(3706,40,155),(3707,41,155),(3708,46,155),(3709,48,155),(3710,47,155),(3711,51,155),(4012,2,181),(4013,13,181),(4014,17,181),(4015,11,181),(4016,6,181),(4017,8,181),(4018,10,181),(4019,44,181),(4020,15,181),(4021,21,181),(4022,23,181),(4023,12,181),(4024,7,181),(4025,9,181),(4026,14,181),(4027,16,181),(4028,22,181),(4029,18,181),(4030,19,181),(4031,46,181),(4032,51,181),(4126,5,14),(4127,42,14),(4128,2,14),(4129,11,14),(4130,6,14),(4131,8,14),(4132,10,14),(4133,13,14),(4134,44,14),(4135,15,14),(4136,21,14),(4137,23,14),(4138,12,14),(4139,7,14),(4140,9,14),(4141,14,14),(4142,16,14),(4143,22,14),(4144,18,14),(4145,17,14),(4146,19,14),(4147,46,14),(4148,48,14),(4149,59,14),(4150,54,14),(4151,56,14),(4152,58,14),(4153,53,14),(4154,57,14),(4155,55,14),(4156,47,14),(4211,5,183),(4212,42,183),(4213,2,183),(4214,11,183),(4215,6,183),(4216,8,183),(4217,10,183),(4218,13,183),(4219,44,183),(4220,15,183),(4221,21,183),(4222,23,183),(4223,12,183),(4224,7,183),(4225,9,183),(4226,14,183),(4227,16,183),(4228,22,183),(4314,41,190),(4320,5,192),(4422,5,193),(4423,5,194),(4447,5,120),(4532,72,197),(4533,73,197),(4567,24,196),(4568,27,196),(4569,26,196),(4570,25,196),(4571,72,196),(4572,73,196),(4643,39,20),(4644,40,20),(4645,49,20),(4646,75,20),(4736,5,188),(4737,42,188),(4738,34,188),(4739,66,188),(4740,65,188),(4741,75,188),(4742,74,188),(4743,70,188),(4744,71,188),(4745,72,188),(4746,73,188),(4924,1,198),(4925,49,198),(4926,75,198),(4927,74,198),(4928,75,199),(5404,5,23),(5405,42,23),(5406,2,23),(5407,11,23),(5408,6,23),(5409,8,23),(5410,10,23),(5411,13,23),(5412,44,23),(5413,15,23),(5414,21,23),(5415,23,23),(5416,12,23),(5417,7,23),(5418,9,23),(5419,14,23),(5420,16,23),(5421,22,23),(5422,18,23),(5423,17,23),(5424,19,23),(5425,1,23),(5426,3,23),(5427,4,23),(5428,24,23),(5429,30,23),(5430,27,23),(5431,26,23),(5432,31,23),(5433,43,23),(5434,45,23),(5435,38,23),(5436,29,23),(5437,33,23),(5438,28,23),(5439,37,23),(5440,25,23),(5441,32,23),(5442,34,23),(5443,35,23),(5444,66,23),(5445,65,23),(5446,67,23),(5447,39,23),(5448,40,23),(5449,41,23),(5450,46,23),(5451,48,23),(5452,59,23),(5453,54,23),(5454,56,23),(5455,58,23),(5456,53,23),(5457,57,23),(5458,55,23),(5459,47,23),(5460,49,23),(5461,50,23),(5462,51,23),(5463,52,23),(5464,75,23),(5465,74,23),(5485,75,200),(5495,5,201),(5496,75,202),(5497,75,203),(5498,75,204),(5499,75,205),(5500,75,206),(5501,75,207),(5502,75,208),(5559,5,209),(5560,75,210),(5563,72,213),(5564,73,213),(5573,34,189),(5574,65,189),(5575,46,189),(5576,48,189),(5577,59,189),(5578,54,189),(5579,56,189),(5580,58,189),(5581,53,189),(5582,57,189),(5583,55,189),(5584,47,189),(5585,68,189),(5586,69,189),(5587,75,189),(5588,74,189),(5589,70,189),(5590,41,214),(5591,49,214),(5592,51,214),(5643,5,185),(5644,42,185),(5645,40,185),(5646,51,185),(5650,75,216),(5651,74,216),(5653,75,217),(5654,74,217),(5655,75,218),(5656,75,219),(5657,75,220),(5659,75,222),(5660,75,223),(5662,5,224),(5663,42,224),(5666,75,211),(5667,74,211),(5668,75,221),(5669,75,225),(5670,75,226),(5671,75,227),(5716,5,228),(5717,2,229),(5718,17,229),(5719,13,229),(5720,2,230),(5721,17,230),(5722,13,230),(5723,2,231),(5724,17,231),(5725,13,231),(5771,5,28),(5772,42,28),(5773,1,28),(5774,3,28),(5775,4,28),(5776,24,28),(5777,30,28),(5778,27,28),(5779,26,28),(5780,31,28),(5781,43,28),(5782,45,28),(5783,38,28),(5784,29,28),(5785,33,28),(5786,28,28),(5787,37,28),(5788,25,28),(5789,32,28),(5790,34,28),(5791,35,28),(5792,39,28),(5793,40,28),(5794,41,28),(5795,46,28),(5796,48,28),(5797,54,28),(5798,56,28),(5799,58,28),(5800,53,28),(5801,57,28),(5802,55,28),(5803,47,28),(5804,49,28),(5805,50,28),(5806,68,28),(5807,69,28),(5808,75,28),(5809,74,28),(5816,75,233),(5817,74,233),(5820,2,232),(5821,13,232),(5822,17,232),(5823,11,232),(5824,75,234),(5825,74,234),(5826,75,235),(5827,74,235),(5896,5,236),(5897,42,236),(5898,2,236),(5899,11,236),(5900,6,236),(5901,8,236),(5902,10,236),(5903,13,236),(5904,44,236),(5905,15,236),(5906,21,236),(5907,23,236),(5908,12,236),(5909,7,236),(5910,9,236),(5911,14,236),(5912,16,236),(5913,22,236),(5914,18,236),(5915,17,236),(5916,19,236),(5917,2,215),(5918,11,215),(5919,6,215),(5920,8,215),(5921,10,215),(5922,13,215),(5923,44,215),(5924,15,215),(5925,21,215),(5926,23,215),(5927,12,215),(5928,7,215),(5929,9,215),(5930,14,215),(5931,16,215),(5932,22,215),(5933,18,215),(5934,17,215),(5935,19,215),(5936,1,215),(5937,3,215),(5938,4,215),(5942,41,212),(5943,49,212),(5944,75,212),(5945,74,212),(5964,5,191),(5965,42,191),(5966,75,191),(5967,70,191),(5968,71,191),(5969,72,191),(5976,72,240),(5977,73,240),(5978,72,241),(5979,73,241),(5980,72,242),(5981,73,242),(5982,72,239),(5983,73,239),(5984,72,238),(5985,73,238),(5986,72,243),(5987,73,243),(5990,72,245),(5991,73,245),(5992,5,246),(5993,5,237),(5994,72,237),(5995,73,237),(5996,5,195),(5997,42,195),(5998,46,195),(5999,55,195),(6000,47,195),(6001,72,195),(6002,73,195),(6003,72,244),(6004,73,244),(6005,75,247),(6007,75,248),(6008,74,248),(6009,75,249),(6023,5,187),(6024,42,187),(6025,5,251);
/*!40000 ALTER TABLE `usuario_permissao` ENABLE KEYS */;
UNLOCK TABLES;

--
-- Final view structure for view `admins`
--

/*!50001 DROP VIEW IF EXISTS `admins`*/;
/*!50001 SET @saved_cs_client          = @@character_set_client */;
/*!50001 SET @saved_cs_results         = @@character_set_results */;
/*!50001 SET @saved_col_connection     = @@collation_connection */;
/*!50001 SET character_set_client      = utf8mb4 */;
/*!50001 SET character_set_results     = utf8mb4 */;
/*!50001 SET collation_connection      = utf8mb4_general_ci */;
/*!50001 CREATE ALGORITHM=UNDEFINED */
/*!50013 DEFINER=`root`@`%` SQL SECURITY DEFINER */
/*!50001 VIEW `admins` AS select `usuario`.`id` AS `id`,`usuario`.`nome` AS `nome`,`usuario`.`sobrenome` AS `sobrenome`,`usuario`.`cpf` AS `cpf`,`usuario`.`email` AS `email`,`usuario`.`senha` AS `senha`,`usuario`.`status` AS `status`,`usuario`.`matricula` AS `matricula`,`usuario`.`data_criacao` AS `data_criacao`,`usuario`.`novo` AS `novo`,`permissao`.`descricao` AS `descricao` from ((`usuario` join `permissao`) join `usuario_permissao`) where `usuario_permissao`.`id_usuario` = `usuario`.`id` and `permissao`.`id` = `usuario_permissao`.`id_permissao` and `permissao`.`id` = 5 */;
/*!50001 SET character_set_client      = @saved_cs_client */;
/*!50001 SET character_set_results     = @saved_cs_results */;
/*!50001 SET collation_connection      = @saved_col_connection */;
/*!40103 SET TIME_ZONE=@OLD_TIME_ZONE */;

/*!40101 SET SQL_MODE=@OLD_SQL_MODE */;
/*!40014 SET FOREIGN_KEY_CHECKS=@OLD_FOREIGN_KEY_CHECKS */;
/*!40014 SET UNIQUE_CHECKS=@OLD_UNIQUE_CHECKS */;
/*!40101 SET CHARACTER_SET_CLIENT=@OLD_CHARACTER_SET_CLIENT */;
/*!40101 SET CHARACTER_SET_RESULTS=@OLD_CHARACTER_SET_RESULTS */;
/*!40101 SET COLLATION_CONNECTION=@OLD_COLLATION_CONNECTION */;
/*!40111 SET SQL_NOTES=@OLD_SQL_NOTES */;

-- Dump completed on 2024-09-09 12:37:21
